,name,nationality
0,Louisa May Alcott ,none
1,William Faulkner ,"Oxford, Mississippi"
2,Lois Lowry ,American
3,Jo„o Manuel Ribeiro ,none
4,AntÛnio Mota,none
5,Walter Benjamin ,Berlin
6,org. JosÈ Fanha ,Jos√©
7,Oscar Wilde ,"born October 16, 1854, Dublin, Ireland"
8,John Steinbeck ,none
9,Manuel Rui,Angolan
10,Ella Berthoud e Susan Elderkin ,none
11,InÍs Fonseca Santos ,none
12,J˙lio Verne ,French
13,Rudyard Kipling ,British
14,Sara Pennypacker ,American
15,Felipe Nunes,Brazilian
16,Mark Twain,India
17,Alice Vieira ,none
18,Afonso Cruz,portuguese
19,Charles Dickens ,English
20,Nikolai Gogol ,Russian
21,¡lvaro Magalh„es,none
22,Joseph BÈdier ,none
23,Valter Hugo M„e,none
24,Hans Christian Andersen ,"Odense, Denmark"
25,Roald Dahl ,Norwegian descent
26,Joana BÈrtholo ,none
27,Brian Selznick ,"East Brunswick, New Jersey"
28,Maria Francisca Macedo ,none
29,Isabel MinhÛs Martins,none
30,Isabel Maria Fidalgo Mateus ,none
31,Philip Pullman ,Philip Nicholas Pullman
32,David Almond ,British
33,Heather Morris ,American
34,Michel Rio ,French
35,JosÈ Jorge Letria ,Portuguese
36,EÁa de QueirÛs ,none
37,J˙lio verne ,French
38,R. J. Palacio ,"New York, New York"
39,JosÈ Mauro de Vasconcelos,Brazilian
40,Maria Francisca Macedo ,none
41,Neil Gaiman ,British writer
42,David Walliams ,British
43,Ana Maria Magalh„es,none
44,AntÛnio SÈrgio ,none
45,Carlo Collodi ,Italian
46,¡lvaro Magalh„es ,none
47,Ana Maria Magalh„es,none
48,Roger Lancelyn Green ,none
49,AndrÈ Letria,none
50,H. G. Wells ,Male
51,Edmundo de Amicis ,Italian
52,Bobbie Peers ,none
53,Trudi Trueit ,American
54,Catarina Sobral,Portuguese
55,Alexandra Lucas Coelho,none
56,Roger Ycaza ,none
57,Ana Pessoa,none
58,InÍs Barahona ,none
59,Elisabeth Gifford ,none
60,Joana Lopes,none
61,Roberto Innocenti ,none
62,Peter Brown ,Pierre Lynn de Lappe
63,GonÁalo M. Tavares ,none
64,Paul Auster ,American
65,Howard Pyle ,"Wilmington, Delaware"
66,Alexandre Dumas ,none
67,Alexandra Lucas Coelho,none
68,Christophe Gallaz,none
69,Beatrix Potter ,born and raised in London
70,Miguel Torga,none
71,JosÈ Saramago,"Azinhaga, a small village in the province of Ribatejo, on the right bank of the Almonda River, around a hundred kilometres north-east of Lisbon"
72,Astrid Lindgren ,"Gotland, Sweden"
73,Otried Preussler ,German
74,Filomena LanÁa,none
75,Kimberly Brubaker Bradley ,England
76,Ricardo Ara˙jo Pereira,none
77,MarÌa Solar,none
78,Jonathan Swift ,Dublin
79,Daniel H. Chambers,none
80,Luis Sep˙lveda ,none
81,Jorge Reis-S· ,none
82,Rafael Sabatini,He consciously chose to write in his adopted language
83,Robert Louis Stevenson ,"born November 13, 1850 in Edinburgh, Scotland"
84,recontadas por Julia Bruce ,none
85,texto Nuno Markl ,none
86,Jo„o Marecos ,none
87,Henri CharriËre ,French Guiana
88,[compil.] JosÈ Viale Moutinho,none
89,Simon Sebag Montefiore ,he is married to the novelist Santa Montefiore
90,Almeida Garrett,none
91,il. Fatinha Ramos,none
92,adapt. AntÛnio SÈrgio ,none
93,Lewis Carroll ,"born on January 27, 1832, in Daresbury, Cheshire, England"
94,Judith Kerr ,Berlin
95,Gine Victor ,Cuba
96,E. B. White ,"Mount Vernon, N.Y."
97,Camilo Castelo Branco ,"52,291"
98,Agustina Bessa-LuÌs ,Portuguese
99,Maurice Sendak ,"Brooklyn, New York"
100,Mathias Picard ,French-Malagasy
101,Shel Silverstein ,American
102,AndrÈ Ducci,Brazilian
103,Sophie Plowden ,none
104,texto e il. dos Alunos da ES 2.3 D. Filipa de Lencastre,none
105,texto e il. Marco Taylor,none
106,M·rio-Henrique Leiria ,none
107,T. S. Eliot ,"St. Louis, Missouri"
108,Jimmy Liao ,Taiwan
109,org. Aida Sampaio Lemos... [et al.],none
110,Jason Reynolds ,American
111,Harper Lee ,American
112,Onjali Q. Ra˙f ,British Bangladeshi
113,adapt. em prosa de Jo„o de Barros ,none
114,Margarida Fonseca Santos ,none
115,Ros·rio AlÁada Ara˙jo ,none
116,Arthur Conan Doyle ,British
117,James Patterson e Chris Grabenstein ,American
118,Alex NoguÈs ,none
119,LuÌs Sep˙lveda ,none
120,Kelly Barnhill ,none
121,Morris Gleitzman ,Phillip (an auditor) and Pamela (Bates) Gleitzman
122,Daniel Defoe ,out of a desire to have it sound more gentlemanly
123,Laia de Ahumada ,none
124,Eleanor H. Porter ,rural Vermont
125,Dino Buzzati ,his fiction and plays
126,Manuel AntÛnio Pina,Portuguese
127,"org., transcr. e extratextos Victor Correia",none
128,"AntÛnio JosÈ da Silva, o Judeu",none
129,Catarina Fonseca,none
130,Fernando Pessoa & ApÛstolos ,Fernando Pessoa
131,Erin Entrada Kelly ,Delaware
132,Suzanne Heller ,none
133,"coord. Leonor Abecasis, Isabel Oliveira Martins, Larissa Shotropa ",none
134,Manuela Gonzaga,none
135,"EÁa de Queiroz. Bartleby, o escriv„o : uma histÛria de Wall Street",none
136,Ana Pessoa ,East Timorese
137,M. Margarida Pereira-M¸ller ,none
138,Jaroslav Ha≈°ek ,none
139,Sofia Martinez,none
140,Valter Hugo M„e ,none
141,adapt. Aquilino Ribeiro ,none
142,Sarah Lean ,English
143,Condessa de SÈgur ,none
144,Francisco Sousa Faria da Silva,none
145,Selma Lagerlˆf ,Sweden
146,Paul Theroux ,American
147,"Isabel Peixeiro, Margarida Fonseca Santos, Ros·rio Padinha Ribeiro",none
148,Miguel de Cervantes ,Spanish
149,reconstituÌdo por Afonso Lopes Vieira ,none
150,Pero Vaz de Caminha,none
151,Howard Pyle ,American
152,concebido e escrito por Lucy Ferry ,none
153,Gentil Marques ,none
154,Mark Twain ,American
155,Christelle Dabos ,French
156,Alan Gratz ,"Knoxville, Tennessee"
157,Susana Monteagudo ,none
158,Gianni Rodari ,none
159,Jorge Canuto GlÛria ,none
160,argumento Dominique Ziegler ,none
161,texto JosÈ Jorge Letria ,none
162,Margarida Fonseca Santos,none
163,org. de AntÛnio Botto ,none
164,TimothÈe de Fombelle ,French
165,BÈja e NataÎl ,none
166,Olga Tokarczuk ,Polish
167,"Luca Crippa, Maurizio Onnis ",none
168,Phillip Hoose ,none
169,AndrÈ Carrilho,ANDR√â CARRILHO
170,org. AntÛnio Botto ,none
171,LuÌsa Ducla Soares ,Lu√≠sa
172,Kirsten Smith ,none
173,Anthony Hope ,none
174,Ana LuÌsa Pleno Raj„o ,Ana Lu√≠sa Pleno Raj√£o
175, J. R. R. Tolkien ,German descent
176,JosÈ AntÛnio Franco ,Paraguayan
177,Sophie Anderson ,genre painting of children and women
178,Rachael Lippincott ,"Pittsburgh, Pennsylvania"
179,compil. e pref. Nelson Mandela ,none
180,Clovis Levi ,none
181,E. Nesbit ,Edith Nesbit
182,Oliver Jeffers ,Oliver is originally from Northern Ireland
183,Jordan Scott ,poet and children's author
184,G.K. Chesterton ,"Campden Hill in Kensington, London"
185,Nani Brunini,none
186,Mark Haddon ,Northampton
187,il. Pietro Gottuso,none
188,adapt. e il. Odyr ,none
189,texto de Fran Pintadera ,none
190,Virginia Woolf ,England
191,JosÈ Mauro de Vasconcelos  ,Brazilian
192,Eddie Jaku ,"His family considered themselves German, first, Jewish second"
193,Tom·s Guerrero ,none
194,"Delep, Dorison ",none
195,Ross Welford ,England
196,adapt. e argum. Djian ,none
197,L. Frank Baum,"Chittenango, New York"
198,adapt. e argum. Christophe Lemoine ,none
199,adapt. e argum. Caterina Mognato ,none
200,Renia Spiegel ,Jewish Polish
201,adapt. e argum. Claude CarrÈ ,none
202,Lucy Maud Montgomery ,"Clifton (now New London), Prince Edward Island"
203,Marta Breen e Jenny Jordahl ,none
204,John Grisham ,American
205,Susana Cardoso Ferreira ,none
206,Charlie Mackesy ,British
207,Miguel Sousa Tavares ,Portuguese
208,Arianna Squilloni ,none
209,Malala Yousafzai ,Pakistani
210,texto Lurdes Breda ,none
211,"Franz Kafka, Guridi ",German-speaking
212,Maite Carranza ,none
213,Isabel MinhÛs Martins ,none
214,Sophia de Mello Breyner Andresen ,Portuguese
215,Soeiro Pereira Gomes,none
216,Ilse Losa,German-Jewish
217,Maurice Leblanc ,French
218,Jo„o de Melo ,none
219,L˙cia Vicente ,Spanish
220,ConceiÁ„o Dinis TomÈ ,none
221,Justin A. Reynolds ,American
222,Victor Hugo ,French
223,"Eugenio Carmi, Umberto Eco ",none
224,Johanna Schaible  ,none
225,adapt. e argum. Philippe Chanoinat e Djian ,none
226,James Norbury ,none
227,Alice Oseman ,Alice Oseman is a British
228,texto de Marianne Laidlaw ,none
229,por Carlos Ascenso AndrÈ ,none
230,Lurdes Breda il. T‚nia ClÌmaco,none
231,Geremias Mendoso ,none
232,Mafalda Moutinho ,none
233,SÈrgio Almeida ,none
234,Alfredo Behrens ,Brazilian national
235,"Scott Cawthon, Kira Breed-Wrisley ",none
236,adapt. e argum. des. e cores Chrys Millien ,none
237,Emilio Salgari ,Italian
238,"Pedro Pereira Lopes, Chico AntÛnio ",none
239,Rafo DÌaz ,none
240,JosÈ Fanha ,none
241,Michael Ende ,German
242,escrito e il. Rob Biddulph ,London
243,David Machado ,Portuguese
244,Anete Melece ,none
245,Antoine de Saint-ExupÈry ,Asteroid B-612
246,AntÛnio Torrado ,none
247,Sosuke Natsukawa ,none
248,Marion Zimmer Bradley ,Marion Zimmer Bradley
249,Jo„o de Mancelos,none
250,Kenji Miyazawa ,a young boy
251,Ana Ferreira da Silva,none
252,HÈlia Correia,none
253,Jon Klassen ,Canadian
254,Sara Albuquerque ,none
255,Arthur C. Clarke ,to pursue his interest in scuba diving
256,Lev Tolstoi ,Russian
257,Rick Riordan ,American
258,Washington Irving ,New York City
259,texto Jo„o Paulo Cotrim ,none
260,Fernando Assis Pacheco ,writer and actor
261,Jack Meggitt-Phillips ,north London
262,Jason Platt ,none
263,Lurdes Breda ,none
264,Aquilino Ribeiro ,none
265,Harriet Beecher Stowe ,American
266,L. Frank Baum ,"Chittenango, New York"
267,AntÛnio Garcia Barreto ,none
268,Jairo AnÌbal NiÒo ,Colombian
269,Italo Calvino ,Italian
270,Maria Teresa Maia Gonzalez,none
271,Pearl S. Buck ,"Hillsboro, West Virginia"
272,"Mariko Tamaki, Jillian Tamaki ",Canadian
273,Tim Bowler ,none
274,Selma Lagerlof ,Sweden
275,Paula Carballeira ,none
276,Machado de Assis ,none
277,EÁa de Queiroz ,none
278,trad. Elsa T. S. Vieira,none
279,LuÌsa Costa Gomes ,none
280,Albert Camus ,His origin in Algeria
281,John Boyne ,Irish
282,Alice Vieira,none
283,Art Spiegelman ,"The German word Maus is cognate to the English word ""mouse"""
284,Almeida Garrett ,none
285,Jorge Amado ,Brazilian novelist whose stories of life in the eastern Brazilian state of Bahia
286,Homero ,Greek origin
287,JosÈ Mauro de Vasconcelos ,Brazilian
288,adapt. de AmÈlia Pinto Pais,none
289,texto de AdÈlia Carvalho ,none
290,Alexandre Hercuano ,none
291,por Frederico LourenÁo ,none
292,Leon Leyson com Marilyn J. Harran e Elizabeth B. Leyson ,none
293,JosÈ Saramago ,"Azinhaga, a small village in the province of Ribatejo, on the right bank of the Almonda River, around a hundred kilometres north-east of Lisbon"
294,Gabriel GarcÌa M·rquez ,"Aracataca, Colombia"
295,por Alexandre Herculano ,none
296,Vasco GraÁa Moura,none
297,Maria Alberta MenÈres ,none
298,Malala Yousafzai com Christina Lamb ,"Mingora, Pakistan"
299,GonÁalo Cadilhe,"professional traveller, writer and photographer"
300,JosÈ Xavier ,Portuguese
301,Isabel Allende ,"Lima, Peru"
302,adapt. de Claire Ubac ,none
303,Raul Brand„o ,none
304,Mia Couto ,Maputo
305,Ernest Hemingway ,American
306,Trindade Coelho ,Portuguese writer who is best known for his regional short stories
307,Dinis Machado,none
308,Fernando Pessoa ,"Durban, South Africa"
309,JosÈ Eduardo Agualusa,Angola
310,Doris Lessing ,British-Zimbabwean
311,Ondjaki ,none
312,JosÈ Cardoso Pires ,none
313,Patrick Modiano ,2014
314,Rui Miguel Tovar,none
315,Ana Maria Magalh„es e Isabel AlÁada,none
316,Alexandre Herculano,none
317,de Rider Haggard ,"Bradenham, Norfolk"
318,William Golding ,British
319,Gayle Forman,American
320,Jane Austen ,England
321,Tom Michell ,American
322,Thomas Mann ,German author
323,HÈlia Correia ,none
324,Mia Couto,Maputo
325,arg. e des. JosÈ Carlos Fernandes,Jos√© Carlos Fernandes
326,Reinhard Kleist ,German
327,M·rio Zambujal,none
328,Tove Jansson ,Finnish
329,Tiago PatrÌcio,none
330,Manuela Barros Ferreira ,none
331,Charles Kingsley ,"Holne Vicarage, Devon, England"
332,Raquel Ramos,none
333,Cristina Carvalho ,none
334,Jandy Nelson ,"San Francisco, California"
335,Katherine Applegate ,"Ann Arbor, Michigan"
336,Tolstoi ,fictional character
337,Ondjaki,none
338,Gil Vicente ,Portuguese playwright
339,Kate DiCamillo ,American
340,Jonas Jonasson ,V√§xj√∂ in southern Sweden
341,texto M·rio de Carvalho ,M√°rio
342,Carlo Collodi e Roberto Innocenti ,none
343,Marcelo D' Salete,Brazilian
344,AndrÈ Diniz ,Brazilian
345,adapt. Vanessa Rubio-Barreau ,none
346,AndrÈ Oliveira ,none
347,Agustina Bessa-LuÌs,Portuguese
348,Catarina Gomes,none
349,Jack London ,American
350,Marcus Zusak ,"Sydney, Australia"
351,Lucy M. Montgomery ,"Clifton (now New London), Prince Edward Island"
352,texto Ana Pessoa ,none
353,Miguel Esteves Cardoso,Portuguese
354,JosÈ Carlos Fernandes,none
355,LuÌsa Costa Gomes,none
356,Rita Taborda Duarte ,none
357,Pierdomenico Baccalario ,none
358,Camilo Castelo Branco,"52,291"
359,Stephen Hawking ,160
360,Carla Maia de Almeida ,none
361,EmÌlio Salgari ,Italian
362,Alan Snow ,none
363,Jes˙s Carrasco ,Spanish
364,Agatha Christie ,Belgian
365,Jo„o Amaral,Portuguese
366,Sam Savage ,American
367,SÈrgio Rodrigues ,none
368,Erico VerÌssimo ,Brazilian
369,AndrÈa del Fuego,none
370,Gil Vicente,Portuguese playwright
371,John Vaillant ,American-Canadian
372,Solomon Northup ,African American
373,Gao Xingjian ,author Mo Yan
374,M·rio de Carvalho,M√°rio
375,"John Green, Maureen Johnson, Lauren Myracle",the town of Gracetown
376,Augusto JosÈ Monteiro ,none
377,Sid Jacobson e Ernie ColÛn ,none
378,Malala Yousafzai com Patricia McCormick ,New York City
379,Rosa Lobato de Faria ,Portuguese
380,Michel Tournier ,none
381,Ana Saldanha,none
382,Jean Giono ,none
383,M·rio Cl·udio ,none
384,John Green,American
385,Veronica Roth,New York City
386,Tim Bowley ,none
387,Michael Morpurgo ,He seems to use the truth as inspiration in many of his books
388,Andy Mulligan ,young adult fiction
389,"Ana Maria Magalh„es, Isabel AlÁada",none
390,Sofia Martinez ,none
391,Manuel Alegre,none
392,JosÈ LuÌs Peixoto ,none
393,Ana Folhadela ,none
394,Patrick S¸skind ,"Pulitzer-winning journalist, bestselling author, and producer of award-winning documentaries and feature films, and the founder of BongoMedia"
395,Alan Lightman ,none
396,Kathryn Erskine ,children's literature
397,Tom Bullough ,none
398,Chris Priestley ,Cambridge
399,AntÛnio Torrado,none
400,Dava Sobel ,American
401,David Gilmour ,English
402,Emma Donoghue ,Dublin
403,Ian Beck ,none
404,James Bradley ,none
405,Vitorino NemÈsio,none
406,Ces·rio Verde ,none
407,Francesco D'Adamo ,none
408,Ben Jonson ,English
409,Hermann Hesse ,"Black Forest town of Calw in W√ºrttemberg, German Empire"
410,Bruce Chatwin ,the South of France
411,Frances Hardinge ,none
412,Rider Haggard ,"Bradenham, Norfolk"
413,Yann Martel ,French-Canadians
414,Manuel da Fonseca,none
415,Francisco Duarte Mangas... [et al.],none
416,John Grogan ,About 80 percent of it is true to the real story and the rest is fictionalized to make it work
417,VergÌlio Ferreira,none
418,de Trindade Coelho,Portuguese writer who is best known for his regional short stories
419,G. K. Chesterton,"Campden Hill in Kensington, London"
420,Raul Brand„o,none
421,Machado de Assis,none
422,Emilio Salgari,Italian
423,"Rudyard Kipling "" seguido de"" atravÈs das ondas",none
424,AntÛnio Gede„o,Portuguese
425,Lewis Carrol ,"born on January 27, 1832, in Daresbury, Cheshire, England"
426,Henry DeVere Stacpoole,Irish
427,Frances Hodgson Burnett ,did not live in India
428,JosÈ Jorge Letria,Portuguese
429,Edgar Allan Poe ,American
430,Sophia de Mello Breyner Andresen,Portuguese
431,Leonoreta Leit„o ,none
432,Filipe Faria,none
433,John Connolly ,Irish
434,Mark Twain,American
435,Peter Ward ,36 goals
436,EÁa de QueirÛs e Ramalho Ortig„o,none
437,William F. Nolan and George Clayton Johnson ,thirty-years-old
438,Diana Mohamadi ,none
439,EÁa de QueirÛs,none
440,William Shakespeare ,Gulielmus Shakspere
441,Isabel Maria Fidalgo Mateus,none
442,Augusto Carlos,none
443,Bram Stoker e Ian Holt ,Irish
444,Dave Eggers ,American
445,Bernard Cornwell,none
446,AgustÌn Fern·ndez Paz ,one of the best known and most valued writers in the field of children's and young adults' literature in Galicia and the rest of Spain
447,texto de Cid·lia Fernandes ,none
448,Ana Teresa Pereira,Portuguese
449,Rider Haggard,"Bradenham, Norfolk"
450,adapt. de Lara Bergen ,none
451,adapt. Aquilino Ribeiro,none
452,Charles Dickens,English
453,Ana Paula Tavares ... [et al.] ,Angolan
454,Jean-Christophe Bailly,none
455,J˙lio Verne,French
456,contada ‡s crianÁas e ao povo por Jo„o de Barros ,none
457,Brian Jacques ,Kirkdale near to the Liverpool Docks
458,adapt. Marques Braga ,an ecclesiastical center
459,Thomas Bailey Aldrich ,American
460,Manuel Alegre ,none
461,A. J. Lake ,none
462,AntÛnio Mota ,none
463,LÌdia Jorge,none
464,Aquilino Ribeiro,none
465,Shannon Hale ,American
466,FranÁois BÈgaudeau ,none
467,Wedekind,German
468,Thomas Berger ,none
469,Kenneth Grahame ,The Wind in the Willows
470,texto e il. Helga Gebert ,none
471,C. S. Lewis ,he never formally entered the Church
472,Iain Lawrence ,Gabriola Island
473,Terry Deary ,British
474,Marion Zimmer Bradley,Marion Zimmer Bradley
475,Kirsten Miller ,American
476,Katherine Paterson ,born in China
477,Paul Stewart e Chris Riddell ,Sri Lanka
478,Jo„o Aguiar ,Portuguese
479,Truman Capote ,215
480,Emma Maree Urquhart ,avid reader and writer of British fantasy and sci-fi represented by John Jarrold
481,AnÛnimo ,none
482,Victor Hugo,French
483,Irene Lisboa ,none
484,Tim Bowler,none
485,David Howarth ,none
486,Capit„o Charles Johnson ,British
487,adapt. dos textos Xavier Valls ,none
488,Alberto Braga... [et al] ,Brazil
489,texto e fotografias Miguel Sousa Tavares,none
490,Henrique O'Neill ,Portuguese
491,VergÌlio Ferreira ,none
492,J. R. R. Tolkien,German descent
493,texto de Jorge Ara˙jo ,none
494,Meg Cabot ,American
495,J. R. R. Tolkien ,German descent
496,Louise Cooper,none
497,"Terry Deary, Peter Hepplwhite ",British
498,Martin Oliver ,British
499,selec. e org. Valter Hugo M„e,none
500,H. Rider Haggard ,"Bradenham, Norfolk"
501,Bernardo Atxaga,none
502,Cyrano de Bergerac,Paris
503,R. L. Stevenson,Edinburgh
504,Trindade Coelho,Portuguese writer who is best known for his regional short stories
505,Richard Bach,American
506,texto Richard Platt ,none
507,Jack London,American
508,Nadine Gordimer ,South Africa
509,Almada Negreiros,none
510,JosÈ Rodrigues MiguÈis,none
511,[transcriÁ„o] Pedro Eiras,none
512,JosÈ de Almada Negreiros ,none
513,J˙lio Dinis ,none
514,M·rio de S· Carneiro,Portuguese
515,Jean Rhys ,Ella Gwendolen Rees Williams
516,Amin Maalouf ,Lebanon
517,Nelson Rodrigues,none
518,Jorge Luis Borges ,"August 24, 1899"
519,Nuno Costa Santos,Portuguese
520,Ricardo Ar˙jo Pereira,none
521,Maria Velho da Costa ,none
522,Manuel Jorge Marmelo,none
523,"Filipe Melo, Juan Cavia",none
524,FiÛdor Dostoievski ,Russian
525,Lucia Berlin ,American
526,Juli·n Fuks,Brazilian
527,Raduan Nassar,Brazilian
528,Graham Greene ,Indigenous (Oneida) Canadian
529,Julian Barnes ,Leicester
530,V. S. Naipaul ,Trinidadian writer of Indian descent
531,Gustave Flaubert ,"Rouen, France"
532,Charles Bukowski ,German-American
533,Fernando Namora ,none
534,AndrÈ Alexis ,Ottawa
535,Antoigne Compagnon ,none
536,Ana Margarida de Carvalho,none
537,org. LuÌs Naves,none
538,M·rio Cl·udio,none
539,Linda Sue Park ,Korean American
540,Rebecca Solnit ,American
541,Marcelo Quintanilha,none
542,"de AngÈlica Freitas, Odyr",Ang√©lica Freitas
543,Jo„o Ricardo Pedro,none
544,Ruy Castro,Brazilian
545,James Salter ,none
546,Dylan Thomas ,pneumonia
547,James Riordan ,none
548,Erskine Caldwell ,American
549,AnÛnimo do sÈculo XVI e H. de Luna ,none
550,Henry James ,U.S.
551,Orhan Pamuk,Turkish
552,Pedro Mexia,none
553,Jorge de Sena,none
554,Franz Kafka ,German-speaking Czech Jewish
555,[adapt.] Pierre-Henry Gomont ,none
556,Stendhal ,French
557,Juan JosÈ Mill·s ,Spanish
558,Pam Jenoff ,c. 1978
559,Rachel Cusk ,Canada
560,Daphne du Maurier ,was fascinated by her French heritage
561,Joseph Conrad ,1886
562,Cristina Carvalho,none
563,Jorge CarriÛn ,none
564,Madame de Lafayette ,French
565,trad. de Margarida Amado Acosta,none
566,PatrÌcia Portela,Patr√≠cia Portela
567,Jostein Gaarder ,Judaism
568,vers„o de Marcello Quintanilha,none
569,texto SÈbastien Perez ,none
570,Manuel AntÛnio Pina ,Portuguese
571,J˙lio Dinis,none
572,Bram Stoker ,Irish
573,Bruno Vieira Amaral,none
574,Nicola Yoon ,Los Angeles
575,Jo„o Pinto Coelho,none
576,Melissa Fleming ,American
577,John Green ,American
578,Miguel Gizzas,none
579,Tiago Rodrigues,Portuguese
580,EÁa de Queiroz,none
581,Jo„o Tordo,none
582,trad. Hugo Maia,none
583,Yasmina Reza ,Reza was the daughter of Jewish parents who had immigrated to France
584,Bruno Vieira do Amaral,none
585,Maria JosÈ da Silveira N˙ncio,none
586,LÌdia Jorge ,none
587,Frederico LourenÁo ,none
588,Kensaburo Oe ,The Nobel Prize in Literature 1994
589,Ana Pessoa... [et al.],none
590,Primo Levi ,IG Farben
591,Claudio Magris ,none
592,David Sala ,Romanian
593,Milton Hatoum,none
594,MarÌa Gainza ,Argentine
595,texto e il. Beatrix Potter ,London
596,texto e il. de Pei-Yu Chang ,none
597,Slawomir Mrozek ,none
598,J. Rentes de Carvalho,none
599,"org., introd., notas Maria Vitalina Leal de Matos",none
600,SÈrgio Godinho,vive
601,Gonzalo Torrente Ballester ,none
602,Luigi Pirandello ,Italian novelist and playwright
603,Joseph Joffo ,10-year-old
604,Roberto BolaÒo ,Chilean
605,H.G. Wells ,Male
606,Herman Melville ,American
607,Jorge Amado e JosÈ Saramago ,none
608,Arturo PÈrez-Reverte ,none
609,Miguel Tamen,none
610,Rainer Maria Rilke ,Austrian
611,JosÈ Luandino Vieira ,none
612,Kapaf Epalanga,none
613,Ana Isabel Vasconcelos,none
614,Fern„o Lopes ,Nascido
615,texto Rob lloyd Jones ,none
616,Nils Uddenberg ,none
617,Mariana Enriquez ,Argentine
618,Padre AntÛnio Vieira ,none
619,SÛnia Serrano,none
620,Rui Pina Coelho,none
621,Juliet Marillier ,"Swan Valley, Western Australia"
622,coord. geral Helena Carvalh„o Buescu,none
623,Lucy & Stephen Hawking ,drug CPH4
624, Walter Scott ,Edinburgh
625,Rubem Fonseca ,none
626,ed. crÌt. Luiz Fagundes Duarte,none
627,AntÛnio Lobo Antunes ,none
628,Eric Knight ,"an American singer-songwriter, multi-instrumentalist, record producer, artist manager, entrepreneur, and entertainment industry professional"
629,Elena Ferrante ,novelist Domenico Starnone
630,M·rio de Carvalho ,M√°rio
631,F. Scott Fitzgerald ,American
632,Carlos Ruiz ZafÛn ,colon cancer
633,planeada por Fernando Passoa ,none
634,Pepetela ,Portuguese Angolan
635,Mario Vargas Llosa ,"Arequipa, Peru's second largest city"
636,[E. M. Forster... et al.],Canley Garden Cemetery
637,Jean-Paul Sartre ,Paris
638,textos e des. F·bio Celoni ,none
639,Manuel Vilas ,Spanish
640,Jacques Ferrandez ,Graphic novelist
641,Carry Ulreich ,"Schorndorf, West Germany"
642,Rui Lage,none
643,"texto, il. e narraÁ„o Rodolfo Castro... [et al.] ",none
644,Jo„o de Melo,none
645,Dulce Maria Cardoso,Portugal
646,Adolfo Caminha ,none
647,Tiago Ferro,none
648,Jarett Kobek ,Turkish-American
649,Sinclair Lewis ,"Sauk Centre, Minnesota"
650,W. Somerset Maugham ,"Paris, France"
651,Vitorino NemÈsio ,none
652,Camilo JosÈ Cela ,"Galicia, Spain"
653,Javier MarÌas ,none
654,Marcel Proust ,Paris
655,Yu Hua ,Yu Hua lives in Beijing
656,Daniel Mendelsohn ,American
657,Ray Bradbury ,American
658,Marguerite Yourcenar ,"Somesville, Maine"
659,Eva Schloss com Karen Bartlett ,none
660,Germano Almeida ,Germano Almeida
661,Elizabeth Wein ,none
662,Shusaku Endo ,Japanese
663,Alexandre Dumas,none
664,Paulo Varela Gomes,none
665,Umberto Eco ,Italian
666,Nikolai GÛgol,Ukrainian origin
667,Nikolai TchernichÈvski ,none
668,Lev TolstÛi ,Russian
669,Guy de Maupassant ,none
670,Stephen King ,American
671,Edmondo De Amicis ,Italian
672,George e Weedon Grossmith ,William Lupin
673,Boileau-Narcejac ,French
674,Isabel Lucas,29-Jan-85
675,Joseph Roth ,none
676,August Strindberg ,Swedish
677,Maria Judite de Carvalho ,none
678,Ana Paula Miranda ,none
679,Anton TchÈkhov ,Taganrog
680,Djaimilia Pereira de Almeida,none
681,Sally Rooney ,Irish
682,Agustina Bessa LuÌs ,Portuguese
683,HonorÈ de Balzac ,French
684,Isaac Asimov ,American
685,Han Kang ,Gwangju
686,Susan Sontag ,American
687,Natalia Ginzburg ,Rome
688,David Grossman ,Israeli
689,por Rider Haggard ,none
690,Miguel Real,African American mother and a Mexican American father
691,Stefan Hertmans ,Flemish Belgian
692,JosÈ Eduardo Agualusa e Mia Couto,none
693,Patti Smith ,American
694,Paulo JosÈ Miranda ,none
695,Jaime Rocha,none
696,Ana Margarida de Carvalho... [et al.],none
697,GonÁalo M. Tavares,none
698,Francisco JosÈ Viegas,none
699,Itamar Vieira Junior,none
700,Jo„o Guimar„es Rosa,none
701,Chico Buarque,Brazilian
702,Donald Ray Pollock ,Chillicothe
703,Thomas Mann,German author
704,AntÛnio Carlos Cortez,none
705,Robin Benway ,none
706,Mohsin Hamid ,Pakistan
707,Anna Burns ,David Grossman
708,A. S. Byatt ,Sheffield
709,Ian McEwan ,McEwan has no connections with the country
710,Margaret Drabble ,English
711,Thomas Hardy ,British
712,Anne BrontÎ ,English
713,VirgÌnia Woolf ,"South Kensington, London"
714,Jonathan Coe ,Felicity Bryan Associates
715,Peter Carey ,Australia
716,Philippe Claudel ,French
717,Erich Maria Remarque ,"Osnabr√ºck, Germany"
718,Thomas More ,Catholic faith
719,Ralf Rothmann ,German
720,Jacinta Maria Matos,none
721,Karina Sainz Borgo ,Venezuela
722,Dasa Drndic ,Croatian
723,Michael Ondaatje ,Burgher descent (Dutch and Sinhalese)
724,Germano Almeida,Germano Almeida
725,Geovani Martins,none
726,Jay Parini ,none
727,Ismail KadarÈ ,Albanian
728,Miguel Franco,none
729,Luize Valente ,none
730,John SteinbecK ,none
731,Milan Kundera ,"Czech novelist, short-story writer, playwright, essayist, and poet"
732,Olivier Rolin ,French
733,Magda SzabÛ ,Hungarian
734,Boris Pasternak ,Jewish
735,Kazuo Ishiguro ,"born in Nagasaki, Japan"
736,Elif Shafak ,Turkish-British
737,Willa Cather ,American
738,Jo„o de Ara˙jo Correia,none
739,Ernesto Rodrigues,none
740,Joana BÈrtholo,none
741,Paolo Cognetti ,Italian
742,…ric Vuillard ,French
743,Isabel Rio Novo,none
744,Clara Macedo Cabral,none
745,Hugo Mezena,none
746,Karla Su·rez ,Cuban
747,Jo„o Paulo Borges Coelho,none
748,Beatriz Sarlo ,Argentine
749,Olinda Beja,none
750,Laurent Binet ,French
751,Anatole France ,French
752,Colson Whitehead ,American
753,Selva Almada ,none
754,Nat·lia Const‚ncio ,none
755,JosÈ LuÌs Peixoto,none
756,Luis Landero ,none
757,JosÈ Carlos Seabra Pereira ,none
758,Simon Stranger ,none
759,Mai Jia ,none
760,arte e adap. RenÈe Nault ,none
761,Yrsa SigurbardÛttir ,none
762,Rosa Montero ,"worked for the El Pa√≠s newspaper, where she became editor in chief of the Sunday supplement in 1980/81"
763,Juan Gabriel V·squez ,none
764,Pablo d'Ors ,Spanish
765,Norberto Morais,none
766,Voltaire ,French
767,Jean-Pierre Sarrazac ,French
768,Romain Gary ,none
769,Richard Ford ,Independence Day
770,SÈrgio Sant'Anna ,Brazilian
771,Fiodor Dostoievski ,Russian
772,David Mamet ,"Chicago, Illinois"
773,Kate Quinn ,historical fiction
774,Sayaka Murata ,Japanese
775,Tom Malmquist ,none
776,Maja Lunde ,Norwegian
777,Emilio Van der Zuiden ,none
778,N. K. Jemisin ,American
779,Paulo M. Morais,none
780,Ana Cristina Silva,Portuguese
781,Hugo GonÁalves,Brazilian
782,Pedro Vieira,Portuguese
783,Ferreira de Castro,none
784,Sandra Catarino,none
785,argumento Benjamin von Eckartsberg ,none
786,Pepetela,Portuguese Angolan
787,Tina VallËs ,none
788,Claudia PiÒeiro ,none
789,Anna Giurickovic Dato ,none
790,Dolores Redondo ,Offering to the Storm
791,Patrick White ,Manoly Lascaris
792,Ivan Gontcharov ,none
793,Vanessa Springora ,author Gabriel Matzneff
794,D. H. Machado ,"Miami, Florida"
795,Margaret Mitchell ,American
796,Hilary Mantel,Budleigh Salterton
797,Elizabeth Taylor ,British-American
798,Peter Handke ,Chaville
799,T. E. Lawrence ,"Tremadog, Carnarvonshire, Wales"
800,FiÛdor Dostoiewski ,Russian
801,adapt. Fido Nesti ,none
802,G. K. Chesterton ,"Campden Hill in Kensington, London"
803,Teolinda Gers„o,none
804,"org., introd, notas Hugo Pinto Santos",none
805,Helder Moura Pereira,none
806,Paulo da Costa Domingos,none
807,"ed. JerÛnimo Pizarro, AntÛnio Cardiello ",none
808,Fernanda Botelho,none
809,Henrique Manuel Bento Fialho,none
810,Orhan Pamuk ,Turkish
811,George Orwell ,eastern India
812,JoÎl Dicker ,Somerset
813,AntÛnio Mega Ferreira,none
814,Patricia Highsmith ,Fort Worth
815,Fialho de Almeida,none
816,M·rio Cesariny ,Portuguese
817,Ruben A.,Spanish origins
818,Edna O'Brien ,Irish
819,Frederico LourenÁo,none
820,Christophe ChaboutÈ ,none
821,VergÌlio ,none
822,Ruben A,Spanish origins
823,Margaret Atwood,Canadian
824,"sel., introd. notas Carina Infante do Carmo",none
825,Victor Serge ,none
826,Roberto Arlt ,Argentine
827,Yasunari Kawabata ,writer Yasunari Kawabata
828,Valter Hugo M„e,none
829,Hans Herbert Grimm ,"a form of novel using autofiction techniques, or the merging of autobiographical and fictive elements"
830,Hiro Arikawa ,"a man and his cat, traveling across Japan to visit old friends"
831,Jo„o Reis,none
832,Val Emmich ,"Manalapan, New Jersey"
833,Reinaldo Ferreira,none
834,David Machado,Portuguese
835,Cl·udia Branco ,none
836,J˙lio Cort·zar ,none
837,Joana Estrela,none
838,Sophia de Mello Breyner Andersen ,Portuguese
839,trad. Vasco GraÁa Moura,Vasco
840,Jorge Luis Borges com Margarita Guerrero ,Argentinean
841,Pierre Loti ,none
842,"Cl·udia Dias, AntÛnio Jorge GonÁalves",none
843,Mafalda Santos ,Portugal
844,Daniel Faria ,Portuguese
845,ed. e sel. Fernando GÛmez Aguilera ,none
846,Vassili Grossman ,none
847,Davide Enia ,none
848,Samuel Beckett ,Foxrock suburb of Dublin
849,MarÌa Hesse ,none
850,"Cl·udia Dias, Idoia Zabaleta, AntÛnio Jorge GonÁalves",none
851,Jennifer Niven ,14-May-68
852,Kamo no Chomei ,Japanese
853,Knut Hamsun ,Knut Hamsun
854,Stefan Zweig ,Hallam Street
855,Guerra Junqueiro,Portuguese
856,Padre AntÛnio Vieira,none
857,Ra˙l Brand„o,none
858,Jokha Alharthi ,none
859,Camillo Castello Branco,none
860,Mariana Abrunheiro ,none
861,"com. cient. Antonio Cardiello, JerÛnimo Pizarro, SÌlvia Laureano Costa ",none
862,Alice Hoffman ,American
863,Pedro Strecht ,none
864,Juan JosÈ Mill·s e Juan Luis Arsuaga  ,none
865,EugÈnio de Andrade ,none
866,Abdulrazak Gurnah  ,Tanzania
867,Nan Shepherd ,"Dunvegan, Cults"
868,Anthony Doerr ,Anthony Doerr (1973) is an American
869,NÈlida PiÒon,none
870,Jo„o Afonso,none
871,Saul Bellow ,Solomon Bellows
872,ArsËne Lupin ,French
873,Haruki Murakami ,village superior
874,Carlos de Oliveira ,none
875,Stanislaw Lem ,"Lw√≥w, interwar Poland (now Lviv, Ukraine)"
876,Knut Hamsun e Martin Ernstsen ,none
877,Boris Vian ,French
878,argumento Pascal Davoz ,none
879,Alice Vieira e NÈlson Mateus,none
880,JosÈ Gardeazabal,none
881,Barry Strauss ,American
882,Mikhail Bulg·kov ,born in Kiev
883,Maya Angelou ,African American woman
884,Carlos Querido,none
885,LuÌs Maio,Italian
886,Aldous Huxley ,"Godalming, Surrey, England"
887,AndrÈ Malraux ,none
888,M·rio de Carvalho  ,M√°rio
889,Maria ¿ngels Anglada ,none
890,director artÌstico Tiago Rodrigues ,none
891,Mathias …nard ,Persian and Arabic
892,vers„o de Pedro Tamen do texto inglÍs de N. K. Sandars ,none
893,S·ndor M·rai ,none
894,Jorge Amado,Brazilian novelist whose stories of life in the eastern Brazilian state of Bahia
895,Rui Cardoso Martins,none
896,AntÛnio Tabucchi ,none
897,Barry Hatton,none
898,Paulo Varela Gomes ,none
899,Pedro Mexia ,none
900,"Clara Moura Soares, Maria Jo„o Neto ",none
901,Nuno Camarneiro,none
902,FiÛdor DostoiÈvski ,Russian
903,Carlos Alberto Machado,none
904,Giuseppe Tomasi di Lampedusa ,"Palermo, Sicily, Italy"
905,Alberto S. Santos,none
906,Elie Wiesel ,Romanian-born American
907,Christiane F. ,she still uses drugs
908,Miguel Manso,none
909,Afonso Melo,none
910,DostoiÈvski ,Russian
911,Guy Delisle ,none
912,M·rio de S·-Carneiro ,Portuguese
913,Gabriel GarcÌa M·rquez,"Aracataca, Colombia"
914,Mary Shelley ,English
915,Abel Neves,none
916,Maksim Gorki ,‚Äúbitter
917,Xavier de Maistre ,French
918,Teresa Veiga,none
919,Abel Barros Baptista,none
920,JosÈ Cardoso Pires. Precedido de ´Carta a um amigo novoª,none
921,CÈdric Villani ,Brive-la-Gaillarde
922,Enric Gonz·lez ,Spanish
923,Carlos de Oliveira,none
924,Almeida Faria ,none
925,Ernest Hemingway,American
926,Dinis Machado ,none
927,Pedro Eiras,none
928,Antonio Sk·rmeta ,Chilean
929,Jo Baker ,British writer
930,Jorge LuÌs Borges ,Argentine
931,Marjane Satrapi ,French Iranian
932,Miguel de Cervantes Saavedra ,Spanish
933,Karen Blixen ,Rungstedlund
934,J. D. Salinger ,He spoke fluent German
935,Jo„o Rebocho Pais,none
936,AndrÈ Oliveira,none
937,Teresa Martins Marques,none
938,AntÛnio PatrÌcio ,none
939,Nat·lia Correia ,none
940,ValÈrio Rom„o,none
941,David Malouf ,Australian poet and novelist of Lebanese and English descent
942,W. G. Sebald ,German
943,Le„o Tolstoi ,none
944,Robert Ludlum ,American
945,Robert Harris ,her brother is Nick Hornby
946,Ruth Rendell ,Barbara Vine
947,Ricardo Ara˙jo Pereira ,none
948,Antonio Tabucchi ,none
949,Robert Campbell and Lindsay Clandfield,none
950,Emily BrontÎ ,"an Irish father, Patrick Bront√´"
951,Hugo Pratt ,none
952,Fernando Assis Pacheco,writer and actor
953,Camilo de Castelo Branco ,viveu
954,Malorie Blackman ,"Clapham, London"
955,Fernando Campos,"ChileChileLa Roja (Spanish: The Red one), may refer to: Chile national basketball team. Chile national football team. Spain national football team.https://en.wikipedia.org ‚Ä∫ wiki ‚Ä∫ La_RojaLa Roja - Wikipediaan"
956,M·rio DionÌsio,none
957,James Vance Marshall ,"Two city-bred siblings are stranded in the Australian Outback, where they learn to survive with the aid of an Aboriginal boy on his ""walkabout"": a ritual separation from his tribe"
958,Joseph Sheridan Le Fanu ,108
959,Charlotte Bronte ,English novelist
960,Juan Rulfo ,Mexican
961,Charlotte BrontÎ,Charlotte Bronte had strong Irish links
962,Baroness Emmuska Orczy ,"Tarna√∂rs, Hungary"
963,Richard Llewellyn ,1939
964,M·rio Vargas Llosa ,"Arequipa, Peru"
965,Ezequiel Mphahlele ,South African
966,Warren Fahy ,Australian
967,Paul Theroux,American
968,Frank Tashlin ,American
969,texto Matt de la PeÒa ,Southern California
970,Dr. Seuss ,"Springfield, Massachusetts"
971,Frank Tashlin,American
972,il. Pedro Pires,none
973,texto e il. Catarina Sobral,none
974,Munro Leaf ,The Story of Ferdinand
975,"Sandro William Junqueira, Rachel Caiano",none
976,Manuela Ribeiro ,none
977,"Justin Richardson, Peter Parnell ","coauthor, with Peter Parnell, of the award-winning picture book And Tango Makes Three"
978,Manuel Marsol ,none
979,Antonio Sandoval ,none
980,Clara Cunha + Rachel Caiano,none
981,David Mckee ,British
982,Jo„o Pedro MÈsseder ,none
983,GraÁa Breia ,none
984,"Jorge Rico RÛdenas, Anna Laura Cantone ",none
985,texto e il. de Maurice Sendak ,"Brooklyn, New York"
986,texto e il. Noemi Vola ,none
987,"Lou Carter, Deborah Allwright ",none
988,AntÛnio JosÈ Forte ,none
989,texto e il. Benjamin Chaud ,none
990,ChloÈ Perarnau ,none
991,"Valerie Thomas, Korky Paul ","Oxford, England"
992,Carolina Celas,Portuguese
993,texto e il. AntÛnio Jorge GonÁalves,none
994,texto Rita Canas Mendes ,none
995,texto e il. Marjolaine Leray ,none
996,Elys Dolan ,none
997,Nadia Fink ,none
998,Tomi Ungerer ,none
999,Andy Lee ,Australian
1000,Valerie Thomas ,American
1001,texto e il. Madalena Matoso,none
1002,StÈphane Servant ,none
1003,texto Ana Isabel Marques ,none
1004,texto e il. Maurice Sendak ,"Brooklyn, New York"
1005,escrito por Paulo Santos ,none
1006,LuÌsa Azevedo ,none
1007,A. A. Milne ,Alan Alexander Milne
1008,Maria da ConceiÁ„o Vicente ,none
1009,Davide Cali : il. Benjamin Chaud ,none
1010,JosÈ Viale Moutinho ,none
1011,Leo Lionni ,the Netherlands
1012,Ivone GonÁalves,none
1013,texto e il. de Joana Estrela,none
1014,texto AntÛnio Gouveia ,none
1015,LÌdia Borges ,none
1016,M·rio Cordeiro ,none
1017,Nicola O'Byrne ,Swaziland
1018,Alexandre Bar ,none
1019,adapt. XosÈ Ballesteros ,none
1020,Pierre Pratt ,none
1021,Anke de Vries ,none
1022,texto e il. Joan Negrescolor ,none
1023,RocÌo Alejandro ,none
1024,Olalla Gonz·lez ,none
1025,Kathy Wolff ,none
1026,texto e il. de Ellen Raskin,New York
1027,escolheu JosÈ Viale Moutinho ,none
1028,texto de Kelly DiPucchio ,none
1029,Dieter Braun ,none
1030,texto InÍs Cardoso ,none
1031,texto e il. Maria Carolina Pereira Rosa,none
1032,Maria Teresa Maia Gonzalez ,none
1033,Ingrid Chabbert ,none
1034,David McKee ,British
1035,E. E. Cummings ,American
1036,Edite Costa Matos ,none
1037,Jen Campbell ,Jen Campbell
1038,texto de Ana Ventura ,none
1039,Adolfo Coelho ,none
1040,Jo„o Cunha Silva ,none
1041,Andrea Beaty ,American
1042,texto Alastair Reid ,none
1043,David Litchfield ,none
1044,F·bio Monteiro ,none
1045,Nicola Davies ,"author of more than 50 books for children: fiction, non-fiction and poetry"
1046,"Mark Twain, Philip Stead ",none
1047,texto de JosÈ Jorge Letria ,none
1048,Kjell Ringi,none
1049,escrito por Brittany Rubiano ,none
1050,texto e il. Yara Kono,none
1051,Mafalda Bernardes da Silva ,none
1052,um susto contado por Clara Cunha ,none
1053,Francesca Sanna ,none
1054,LuÌs Correia Carmelo ,none
1055,"John Kelly, Steph Laberis ",none
1056,texto de Adam Rubin ,none
1057,"Tracey Corderoy, Tony Neal ",none
1058,Valerie Thomas e Korky Paul ,Australia
1059,Rita Cardoso ,none
1060,Rachel Bright ,Rachel Bright
1061,escrito e il. por Judith Kerr ,none
1062,Carmen Chica ,"February 9, 1909"
1063,Jo„o Paulo Cotrim ,none
1064,Lara Xavier ,none
1065,"Alexandre Lob„o, Rachel Caiano",none
1066,"LuÌsa Ducla Soares, Jo„o Vaz de Carvalho",none
1067,Ana Amaral... [et al.] ,none
1068,Carmen Zita Ferreira ,none
1069,texto Francisca Prieto ,none
1070,Susa Monteiro,none
1071,Marcus Oakley,Norfolk
1072,Emily Gribbitt ,none
1073,Pedro Salvador Mendes,none
1074,Elizabete Neves ,none
1075,texto Claudio Hochman ,none
1076,Manuela Guaccio ,none
1077,texto e il. Isol ,none
1078,"histÛria, caligrafia e selos Wang Fei ",none
1079,Joan Negrescolor ,none
1080,AndrÈ Rodrigues... [et al.],none
1081,Eva Eland ,none
1082,texto Isabel MinhÛs Martins ,none
1083,Ana L·zaro ,none
1084,texto e il. Akiko Miyakoshi ,none
1085,Joseph Kuefler ,none
1086,texto e il. Bernardo P. Carvalho,none
1087,Cristina Sitja Rubio ,none
1088,Pedro MaÒas ,none
1089,texto Carlos Fiolhais ,none
1090,Vanda Borges GonÁalves ,none
1091,Benji Davies ,London
1092,Milu Loureiro,none
1093,escrito e il. Maurice Sendak ,none
1094,Mac Barnett ,California
1095,Davide Cali ,Swiss-born Italian
1096,Pitum Keil do Amaral ,none
1097,texto Helder Moura Pereira ,none
1098,texto Veronica Salinas ,none
1099,Filipa S·ragga ,none
1100,Fran Pintadera ,none
1101,Marianna Coppo ,none
1102,"adapt. XosÈ Ballesteros, a partir do texto de Robert Southey ",none
1103,texto e il. Romana Romanyshyn e  Andriy Lesiv ,none
1104,Corina Luyken ,none
1105,adapt. para a lÌngua portuguesa Rita Amaral,none
1106,Philippe Jalbert ,none
1107,"LuÌsa Ducla Soares, Daniel Completo, JosÈ Fanha ",none
1108,Alexandre Parafita ,none
1109,Julieta Aurora Santos,none
1110,poemas LuÌsa Ducla Soares ,none
1111,textos de Manuel AntÛnio Pina ,none
1112,Chris Haughton ,Republic of Ireland
1113,Todd Parr ,"Berkeley, California"
1114,Ana LuÌsa Amaral ,none
1115,Taro Gomi ,Japanese
1116,Mac Barnett & Jon Klassen ,Steven Malk
1117,texto e il. Rita Correia,none
1118,Frank Viva ,none
1119, texto e il. Kitty Crowther ,none
1120,Cristina Taquelim ,none
1121,Siv Widerberg... [et al.] ,none
1122,texto adapt. Miguel Gouveia ,none
1123,"Susanna Mattiangeli, Chiara Carrer ",none
1124,M·rio Satz ,none
1125,Bernard Friot ,none
1126,Isaac Bashevis Singer ,none
1127,M.a Isabel S·nchez Vegara ,07-Sep
1128,texto e il. Corinna Luyken ,none
1129,Marcy Campbell ,none
1130,Mariann M·ray,none
1131,J. M. Barrie ,London
1132,Max Velthuijs ,Dutch
1133,texto e il. Chico Bolila,none
1134,texto de Jordi AmenÛs ,none
1135,Tony Ross ,British
1136,texto e il. Britta Teckentrup ,none
1137,Alex NoguÈs & Guridi ,none
1138,Margit Auer ,German
1139,Jessica Love ,American
1140,texto e il. Eduarda Lima,none
1141,adapt. Amy Steedman ,none
1142,Sophie Blackall ,Australia
1143,RÈmi Courgeon ,none
1144,Ricardo Henriques e Nicolau,none
1145,Einat Tsarfati ,none
1146,JosÈ Maria Vieira Mendes ,none
1147,texto Kobi Yamada ,"Seattle, Washington"
1148,Jon Agee ,none
1149,Anna LLenas ,none
1150,Emily Rand ,British
1151,Alison Jay ,American
1152,Olga de Dios ,none
1153,"Germano Zullo, Albertine ",Swiss
1154,PatrÌcia Martins ,American
1155,texto Kisten Hall ,none
1156,Christian Robinson,"Hollywood, California"
1157,texto e il. de Trace Moroney,none
1158,"Davide Cali, Serge Bloch ",none
1159,InÍs Almeida e Nicholas Carvalho,none
1160,"Eoin McLaughlin, Polly Dunbar ",Irish
1161,GonÁalo Viana,none
1162,Olivier Gay ,none
1163,Canizales ,Italian
1164,Ryan T. Higgins ,English
1165,texto de Clara Cunha ,none
1166,Jo„o Pedro MÈsseder e Rachel Caiano,none
1167,texto e il. Madalena Moniz,none
1168,Dora Batalim ,none
1169,Roger Hargreaves,died on 11 September 1988 at the age of 53 and at the Kent and Sussex Hospital in Royal Tunbridge Wells following a stroke
1170,"Rita Taborda Duarte, Rachel Caiano",none
1171,"InÍs Pupo, GonÁalo Pratas ",none
1172,Linda Sarah ,none
1173,Aurora Ru· ,none
1174,texto Rui Zink ,none
1175,texto Sophie Gourion ,none
1176,Arree Chung,none
1177,"Steve Smallman, JoÎlle Dreidemy ",France
1178,Giovanna Mantegazza ,none
1179,texto e il. Matthew Forsythe ,none
1180,Dav Pilkey ,American
1181,Nuppita Pittman ,none
1182,"Roxane Marie Galliez, Seng Soun Ratanavanh ",none
1183,Avalon Nuovo ,none
1184,Christian Robinson ,"Hollywood, California"
1185,Maria InÍs Almeida ,none
1186,texto e il. Joana Estrela,none
1187,Satoshi Kitamura ,Japanese
1188,texto Joana Barrelas ,none
1189,AndrÈ Madaleno ,none
1190,texto e il. Heath Mckenzie ,none
1191,Marie-Louise Gay ,Canadian
1192,escrito e il. por Nicola O'Byrne ,none
1193,Pam Adams,none
1194,Simona Ciraolo ,Sardinian born
1195,texto e il. Jez Alborough ,none
1196,texto Maria Jo„o Lopes ,none
1197,Joseph Coelho ,British
1198,texto e il. Sydney Smith ,none
1199,Eric Carle ,American
1200,texto Pippa Goodhart ,none
1201,Janet  & Allan  Ahlberg ,a highly-anticipated four-hour documentary series titled Janet Jackson
1202,Marjolaine Leray ,none
1203,texto Maria-Elisabeth Niebius ,none
1204,Antonis Papatheodoulou ,none
1205,texto e il. Anna Walker ,none
1206,Anthony Browne ,Yorkshire
1207,Blandina Franco e JosÈ Carlos Lollo  ,none
1208,texto Manuela Castro Neves ,none
1209,il. Jaime Ferraz,none
1210,"Christian Jolibois, Christian Heinrich ",none
1211,Jonny Duddle ,none
1212,texto e il. Barbara Cantini ,none
1213,Christian Voltz ,none
1214,Elisenda Roca ,none
1215,texto e il. Anna LLenas ,none
1216,texto de JosÈ AntÛnio Abad Varela ,none
1217,Georgiana Deutsch ,none
1218,"texto, il. Bolota",none
1219,texto Mar Benegas ,none
1220,texto e il. Heath McKenzie ,none
1221,Emma Chichester Clark ,British
1222,poemas ditos Cristina Paiva,none
1223,texto e Il. Margarida Botelho ,none
1224,Marco Taylor,none
1225,Alex Milway ,none
1226,Tracey Corderoy ,none
1227,Jonatham Swift ,Dublin
1228,texto e il. de DorothÈe de Monfreid ,none
1229,AntÛnio Avelar de Pinho ,none
1230,Emma Lidia Squillari ,none
1231,Mies Van Hout ,none
1232,Emma Yarlett ,none
1233,Halil B·rcena ,none
1234,ZoÎ Tucker ,none
1235,Dan Brown ,American
1236,"Marina N˙Òez, Avi Ofer ",none
1237,Tomie de Paola ,"Meriden, Connecticut"
1238,Sarah Roberts ,Clare Henderson
1239,texto Mireia Vidal ,none
1240,um poema de Pere MartÌ i Bertran ,none
1241,Ricardo Alc·ntara ,none
1242,J˙lio Isidro ,none
1243,texto de Gilda Nunes Barata ,none
1244,Alex NoguÈs & Guridi,none
1245,Amir-Alexandros Afendras,Greek-Malaysian
1246,Elina Ellis ,none
1247,Emily Gravett ,none
1248,Nicol·s Buenaventura ,"Born in Cali, Colombia"
1249,texto e ilustraÁ„o de Mo Willems ,none
1250,Jessica Meserve ,America
1251,il. de Quentin Blake ,the suburbs of London
1252,texto Cristina Taquelim ,none
1253,Ana Ventura,none
1254,"texto, il. Taro Miura ",none
1255,texto e il. Vanina Starkoff ,none
1256,Nuno Camarneiro ,none
1257,Ed Vere ,British
1258,Steve Small ,Canada
1259,Eoin McLaughlin ,"Dublin, Ireland"
1260,texto Richard Zimler ,none
1261,G¸nther Jakobs ,German
1262,"CÈline Claire, Qing Leng ","born in Shanghai, China, and later moved to France and then Montreal, Canada"
1263,David Pintor,none
1264,Maria Celestina Fernandes... [et al.] ,Angolan
1265,Ilse Losa ,German-Jewish
1266,"Deborah Underwood, Cindy Derby ",none
1267,Joana M. Lopes ,none
1268,recolha e sel. dos textos LuÌsa Ducla Soares ,none
1269,Amy June Bates ,none
1270,"Christian Bruel, Anne Bozellec ",none
1271,Anna LLenas,none
1272,Maryann Cocca-Leffler  ,none
1273,Kim Sena ,none
1274,"Davide Cali, SÈbastien Mourrain ",Swiss-born Italian
1275,Maria Jo„o Freitas ,none
1276,texto e il. Nora Brech ,none
1277,texto e il. Icinori ,none
1278,escrito por Kobi Yamada ,none
1279,Kobi Yamada ,none
1280,"Catherine Grive, FrÈdÈrique Bertrand ",none
1281,escrito por Sam McBratney ,none
1282,"dir. artÌstica e voz, Telma Pereira ",none
1283,PatrÌcia Furtado,none
1284,Clara Cunha ,none
1285,Vanessa Martins ,none
1286,SÌlvia Alves ,none
1287,Rocio Bonilla ,none
1288,T‚nia Bail„o Lopes,none
1289,texto e il. Gemma Merino ,none
1290,VerÛnica Fabregat,none
1291,texto e il. Alexandre Rampazo ,none
1292,Meghan ,American
1293,"Rita Sineiro, Laia DomÈnech",none
1294,texto e il. Guilherme Karsten,none
1295,SidÛnio Muralha ,none
1296,texto e il. Oge Mora ,none
1297,Guojing,Guo Xiaotian
1298,texto e il. Rocio Bonilla ,none
1299,Isabel Mateus ,none
1300,Eduarda Lima,none
1301,texto e il. Ella Bailey ,none
1302,Jackie Azu· Kramer ,none
1303,Henrique Coser Moreira,none
1304,texto e il. Francesca Pirrone ,none
1305,Tom Percival ,British
1306,David Pintor ,none
1307,Cristina FalcÛn Maldonado ,none
1308,texto e il. Elina Ellis ,none
1309,Komako Sakai ,none
1310,N˙ria Parera ,none
1311,LuÌs Leal Miranda ,none
1312,texto Isabel Peixeiro ,none
1313,Katerina Gorelik ,none
1314,texto Trish Cooke ,none
1315,texto e il. Reza Dalvand ,none
1316,J. K. Rowling ,Gloucestershire
1317,Matilde de Oliveira ,none
1318,Julia Donaldson ,Scottish-based
1319,Margarita Del Mazo ,Spanish
1320,StÈphanie Blake ,none
1321,Luciano Lozano ,Spanish
1322,"AmÈlie Antoine, Isabelle Maroger ",none
1323,"Loredana Baldinucci, Fabio Sardo",none
1324,"Felicity Brooks, Frankie Allen ",none
1325, Jo„o Borges de Oliveira ,none
1326,Xan LÛpez DomÌnguez ,Spain
1327,Adolfo Ricardo ,none
1328,SÈrgio Pel·gio e Isabel Gaiv„o,none
1329,Maria Morais ,none
1330,recolha e selec. LuÌsa Ducla Soares ,Lu√≠sa
1331,Manuela Mota Ribeiro ,none
1332,Drew Daywalt ,The Day The Crayons Quit
1333,Davide Cali e Serge Bloch ,Italian
1334,histÛria contada por AntÛnio Torrado ,none
1335,texto Joana Cabral ,none
1336,Michael Grejniec ,Poland
1337,sel. LuÌsa Ducla Soares ,Lu√≠sa
1338,Bruno Magina ,none
1339,"Cristina Quental, Mariana Magalh„es ",none
1340,LuÌsa Dacosta ,none
1341,"Steve Smallman, Caroline Pedler ",none
1342,Alves Redol ,none
1343,adapt. de XosÈ Ballesteros ,none
1344,"Isabel MinhÛs Martins, Madalena Matoso",none
1345,Elizabeth Shaw ,Bristol
1346,texto de JosÈ Fanha ,none
1347,texto Jo„o Ferreira Oliveira ,none
1348,Manuela Castro Neves ,none
1349,Sara Rodi e V‚nia Beliz ,none
1350,adapt. Eva Mejuto ,none
1351,Pedro Seromenho,Pedro Seromenho
1352,JosÈ Eduardo Agualusa ,Angola
1353,Papiniano Carlos ,none
1354,Pinto & Chinto ,Pinto
1355,"Francisco Duarte Mangas, Madalena Moniz",none
1356,histÛria de AntÛnio Torrado ,Ant√≥nio Torrado
1357,texto e il. Miguel Cerro ,none
1358,"Isabel MinhÛs Martins, Yara Kono",none
1359,"LuÌsa Ducla Soares, Manuela Bacelar",none
1360,texto e il. Janosch ,none
1361,texto de Anna Casalis ,none
1362,texto Javier Sobrino ,none
1363,Maria InÍs de Almeida ,none
1364,texto e il. Fernando PÈrez Hernando ,none
1365,"LuÌsa Costa Gomes, ",none
1366,texto e il. Tomi Ungerer ,none
1367,adapt. de Manuela RodrÌguez ,none
1368,texto JosÈ Fanha ,none
1369,texto e il. Ana Pez ,none
1370,trad. por Alice Vieira ,none
1371,escrito por Janey Louise Jones ,none
1372,"Ana Saldanha, Yara Kono",none
1373,AndrÈ Letria e JosÈ Jorge Letria,none
1374,B. J. Novak ,Jewish
1375,textos JosÈ Jorge Letria ,none
1376,Soledade Martinho Costa,none
1377,de Oliver Jeffers ,Oliver is originally from Northern Ireland
1378,"LuÌsa Ducla Soares, Daniel Completo, Ana Cristina Completo",none
1379,Sandol Stoddard ,none
1380,Lemony Snicket ,American
1381,texto AntÛnio Torrado ,Ant√≥nio Torrado
1382,Oli ,British
1383,Maria Antonieta Nabais ,none
1384,texto e il. David Wiesner ,"Philadelphia, Pennsylvania"
1385,Maria Rosa ColaÁo ,none
1386,Susan Verde ,none
1387,Susana Campos ,none
1388,Alice Cardoso ,none
1389,Miguel Neto ,none
1390,Peter Bronw ,Pierre Lynn de Lappe
1391,Helena Kraljiƒç  ,none
1392,texto Carla Maia de Almeida ,Born
1393,Nora Cavaco,none
1394,"Rui Reininho, Armando Teixeira, Marta Madureira",none
1395,Jutta Bauer ,German
1396,Maria L˙cia Carvalhas ,none
1397,AdÈlia Carvalho ,none
1398,Susanna Isern ,none
1399,Jo„o Ferreira Oliveira ,none
1400,Tina Meroto ,none
1401,texto JosÈ Ignacio Bonavista ,none
1402,Anne Hofmann ,none
1403,Philip C. Stead ,none
1404,Albano Martins ,none
1405,recontado Richard Walker ,Richard is married with two daughters
1406,histÛria Beatrice Masini ,none
1407,histÛria Margarida Fonseca Santos ,Margarida Fonseca Santos
1408,Adela TurÌn ,"founded a publishing house for children books, Dalla Parte Delle Bambine, in Milan in 1974"
1409,Antonio A. GÛmez Yebra ,none
1410,texto Jo„o Miguel Tavares ,none
1411,Carlos Nogueira ,none
1412,Mariana Ruiz Johnson ,Argentina
1413,escrito Sandol Stoddard ,none
1414,texto Chema Heras ,none
1415,"Jo„o Pedro MÈsseder, Gabriela Sotto Mayor",none
1416,texto e il. Anthony Browne ,Yorkshire
1417,Adeline Yzac ,none
1418,texto de Carlos Nogueira ,none
1419,Palmira Martins ,none
1420,Ana Paula Rodrigues Silva Figueiredo & Pedro Emanuel Santo Ribeiro Figueiredo ,none
1421,Leo Timmers ,Belgium
1422,texto Ana Saldanha ,none
1423,texto e il. Margarida Botelho,none
1424,Teresa Coutinho ,none
1425,Tatiana Salem Levy ,none
1426,[ed. lit.] Disney Enterprises,Irish-Canadian.
1427,M·rio Castrim ,none
1428,escreveu Jo„o Manuel Ribeiro ,none
1429,"[ed. lit.] Disney Enterprises, Pixar","Emeryville, California"
1430,[ed. lit.] Disney,"His mother, Flora Call Disney, was of German-American descent"
1431,texto AdÈlia Carvalho ,none
1432,reescrita e adapt. Margarida Braga ,none
1433,Tony Ross,British
1434,Gill Munton ,none
1435,texto Margarida Castel-Branco ,none
1436,Eric Many,Norse
1437,Carla Maia de Almeida e AndrÈ Letria,none
1438,Isabel Ramalhete ,none
1439,Luisa Ducla Soares ,none
1440,Pep Bruno ,none
1441,Margarida Castel-Branco ,none
1442,Lane Smith,American
1443,Beatrice Alemagna ,Italian
1444,"RamÛn Arag¸Ès Peleato, ",none
1445,Daniela Kulot ,none
1446,Laura Ferreira Rodrigues ,none
1447,traditional folktale adapted by Olalla Gonz·lez ,"A traditional narrative, usually anonymous, handed down orally"
1448,Ana Saldanha ,none
1449,texto adapt. Sarah Margaret Johanson ,none
1450,"textos, letras e m˙sicas Margarida Fonseca Santos ",none
1451,texto PatrÌcia Reis  ,none
1452,Pascal Biet ,none
1453,M. ConceiÁ„o Galveia Ferreira ,none
1454,texto de Laurence Herbert ,none
1455,BÈatrice Rodriguez,none
1456,written by Paul Shipton ,English
1457,texto Oli ,none
1458,Mick Manning e Brita Granstrˆm ,British
1459,Ana Fern·ndez-Abascal ,none
1460,SÛnia Fernandes ,none
1461,Maria Alberta MenÈres il. Rui Truta,none
1462,"Isabel MinhÛs Martins, Bernardo Carvalho",none
1463,"Mariana Bradford, Mariana Magalh„es, Joana Medeiros ",none
1464,escreveu Pedro Reisinho ,none
1465,histÛria Manuela Micaelo ,none
1466,Kazumi Yumoto ,none
1467,text by Carlos Nogueira ,none
1468,Gerard van Gemert ,none
1469,texto Cid·lia Fernandes ,none
1470,Liane Schneider ,none
1471,escritas Jacqueline Bovy... [et. al.] ,none
1472,il. Eunice Rosado ,none
1473,Ana Tortosa ,none
1474,Judith Viorst ,"Newark, New Jersey"
1475,Maria Jo„o Lopo de Carvalho ,none
1476,Matilde Rosa Ara˙jo ,none
1477,Kate Banks ,American
1478,Vanda GonÁalves ,none
1479,texto e il. Beatrice Alemagna ,none
1480,Fernando Bento Gomes ,Fernando
1481,texto Maria Isabel MendonÁa Soares ,none
1482,Maria Jo„o Carvalho ,none
1483,Eileen Browne ,Yorkshire
1484,il. Virginia Allyn ,none
1485,texto e il. InÍs Oliveira,none
1486,Paloma Valdivia ,none
1487,texto de Norbert Landa ,none
1488,"Daphne W. Rocha, Danuta Wojciechowska",none
1489,histÛria de Ana Ferreira,none
1490,Raymond Briggs,London
1491,Carlos Alberto Silva ,Brazilian
1492,Manuela Micaelo ,none
1493,texto de Pablo Albo ,M√°laga
1494,ArsÈnio Mota ,none
1495,"textos [de] Tristana Esteves Cardoso, il. [de] MÛnica Catal·",none
1496,texto e il. Pedro Salvador Mendes,none
1497,"Orlando Strecht-Ribeiro, AntÛnio Almeida ",none
1498,M. Carolina Pereira Rosa,none
1499,trad. e adapt. Sara Costa ,none
1500,"Sheridan Cain, Jack Tickle ",born in London
1501,Calouan... [et al.] ,none
1502,texto de JosÈ Campanari ,none
1503,texto Roberto Aliaga ,none
1504,"LuÌsa Ducla Soares, M. Carolina Pereira Rosa, Cid·lia Fernandes ",none
1505,"Claire Freedman, Gail Yerrill ",none
1506,escreveu AntÛnio Mota ,Ant√≥nio Mota
1507,adapt. a partir do argumento escrito por  Pedro Matias Maria,none
1508,Leo Timmers,Belgium
1509,texto e il. Janosch,none
1510,baseado no gui„o televisivo de Susan Kim ,none
1511,texto Steve Smallman ,none
1512,M. Carolina Pereira Rosa ,none
1513,uma histÛria de Teresa Guimar„es ,none
1514,Susan Ring ,none
1515,texto Fina Casalderrey ,none
1516,texto e il. Jan Ivens,none
1517,texto Angela McAllister ,none
1518,texto Silvina Marques ,none
1519,Helena Simas,none
1520,recolha e adapt. de Tiago Salgueiro ,none
1521,Renata Gil ,Brazilian
1522,Manjusha Pawagi ,none
1523,Oliver Jeffers,Oliver is originally from Northern Ireland
1524,Jo„o Pedro MÈsseder e Daniel Silvestre da Silva,none
1525,il. Tamsin Hinrichsen ,none
1526,Mar PavÛn ,none
1527,texto Marni McGee ,none
1528,texto Pablo Albo ,M√°laga
1529,histÛria GraÁa Breia ,none
1530,Disney Enterprises ,American
1531,textos Rita Taborda Duarte ,none
1532,texto de Maria Teresa Maia Gonzalez ,none
1533,Rita Sobral ,"Rita's practice focuses on mergers and acquisitions, cross-border transactions, emerging companies, and other complex corporate matters"
1534,escreveu CÈsar Madureira ,none
1535,histÛria de GraÁa Breia ,none
1536,VergÌlio Alberto Vieira,none
1537,"Disney, Pixar ",American
1538,Marni Mcgee ,none
1539,texto Ana Vicente ,none
1540,GraÁa Breia e Manuela Micaelo ,none
1541,texto e il. Manuel Brum,none
1542,Margarida Almeida ,none
1543,Pedro Bessa ,none
1544,Ana Teresa Seixas da Fonseca ,none
1545,Laura Owen e Korky Paul,none
1546,"texto de B.A.T.A., a partir da vers„o de Olalla Gonz·lez ",none
1547,"Elza Mesquita, Ana Pereira",none
1548,texto ¡lvaro Magalh„es ,none
1549,Mireille Saver... [et al.] ,none
1550,Astrid Mola ,none
1551,texto de SidÛnio Muralha ,none
1552,recontados por AntÛnio Mota ,Ant√≥nio Mota
1553,John Burningham ,North London
1554,[texto de] Valerie Thomas ,"Baltimore, Maryland"
1555,escrito por Martin Waddell ,none
1556,Filipe Gomes da sIlva ,none
1557,"AntÛnio Torrado, Maria Alberta MenÈres ",none
1558,John A. Rowe ,none
1559,texto adapt. Marion Johnson ,none
1560,texto Sara Rodrigues ,none
1561,il. Sally Anne Lambert ,none
1562,il. David Pace ,none
1563,Marta Cancela,none
1564,Daniel Marques Ferreira ,none
1565,Carlos Letra ,2010
1566,"Anu Stohner, Henrike Wilson",none
1567,Isabel Ribeiro ,Brazil
1568,M. Christina Butler ,none
1569,Octaviano Correia ,none
1570,Mercer Mayer ,American
1571,il. Richard Hook ,none
1572,"Richard Zimler, Bernardo Carvalho",none
1573,texto e il.  Raffaello Bergonse,none
1574,texto e il. Marie-Louise Gay ,none
1575,texto LuÌsa Villar LiÈbana ,none
1576,Martin Waddell ,none
1577,il. e texto Manuela Bacelar,none
1578,histÛria de Schuyler Hooke ,none
1579,Maria Aurora Carvalho Homem ,none
1580,texto de Margaret Mahy ,born and raised in Whakatane
1581,texto e il. de Carla Antunes,none
1582,ValÈrie Claisse... [et al.] ,none
1583,Rafael Cruz-Contarini ,none
1584,sel. JosÈ Viale Moutinho ,none
1585,Ana Vicente ,none
1586,uma histÛria de ConceiÁ„o de Sousa Gomes ,none
1587,texto e il. de Manuela Crespo,none
1588,escrito e il. por Michael Foreman ,none
1589,RocÌo MartÌnez ,none
1590,rec. e autoria Tiago Salgueiro ,none
1591,escreveu Papiniano Carlos ,none
1592,Linda Jennings ,none
1593,texto Teresa Saavedra ,none
1594,Disney ,American
1595,selec. e org. JosÈ AntÛnio Gomes ,none
1596,do livro de GonÁalo M. Tavares ,none
1597,"Nathalie Delebarre, AurÈlie Blanz ",none
1598,"Maria Helena Henriques, Maria JosÈ Moreno, A. M. Galopim de Carvalho ",none
1599,Maria ConceiÁ„o Galveia Ferreira ,none
1600,"M. Christina Butler, Jane Chapman ",England
1601,texto AntÛnio Mota ,none
1602,Nicol·s GuillÈn ,Cuban
1603,F·tima Sobral ,none
1604,Marisa Pott ,American
1605,Alison Ritchie ,Australian
1606,textos populares recolhidos e il. M·rcia Marques,none
1607,textos de Jeremy Smith ,none
1608,texto Franclim Neto ,none
1609,texto Maria Teresa dos Santos Silva ,none
1610,Anabela Batista ,none
1611,Rui Sousa,Portuguese
1612,Madalena Gomes ,none
1613,"Laura Ferreira Rodrigues, Catarina Fernandes",none
1614,Maria do Ros·rio Pedreira ,none
1615,Filipa Aranda ,none
1616,il. Susana Ronchi ,none
1617,Cid·lia Fernandes ,none
1618,M Christina Butler ,none
1619,"Filipe Lopes, Carla Goulart Silva ",none
1620,Gary Larson ,"Seattle, Washington"
1621,MarÌlia Ascenso ,none
1622,Ruth Galloway ,North Norfolk
1623,Marisa N˙Òez ,Lisbon
1624,M·rcia Trabulo ,none
1625,Isabel Stilwell ,none
1626,texto Maria Jo„o Lobato de Faria ,none
1627,Klaus Baumgart ,none
1628,texto Jo„o Alberto Roque ,none
1629,JosÈ Barata-Moura ,none
1630,"Gillian Shields, Gary Blythe ",England
1631,escrito Tracy Harrast ,none
1632,texto e ilustraÁ„o de Nuno Castelo,none
1633,texto e il. Bruno Santos,none
1634,escrito por Beverley Birch ,none
1635,Eva Mejuto ,none
1636,"Mathilde Stein, Mies van Hout ",none
1637,texto Isabel Zambujal ,none
1638,escrito por Judy Allen ,none
1639,texto Maria de Lurdes Marcelo ,none
1640,texto e il. Marta Torr„o,none
1641,Gill Pittar ,none
1642,Manuela Monteiro ,none
1643,Patacr˙a ,none
1644,texto e il. InÍs de Oliveira,none
1645,BenoÓt Debecker,none
1646,texto Gail Herman ,none
1647,recontadas por AntÛnio Torrado ,none
1648,texto Joanne Barkan ,none
1649,Manuela Castro ,none
1650,"Isabel Martins, Madalena Matoso",Portugal
1651,Paula Viotti ,none
1652,Isabel Rainha ,Isabel
1653,M·rio ContumÈlias ,none
1654,texto Gabriela Barcelos ,none
1655,LuÌsa Morandeira ,none
1656,texto de Angela McAllister ,none
1657,texto e il. de Dorindo Carvalho,none
1658,Emma Brownjohn ,none
1659,escrito por Dawn Sirett ,none
1660,texto e il. Elsa LÈ ,none
1661,texto de Pat Thomson ,none
1662,texto e il. Celeste Maia,none
1663,Andrew Clements ,Andrew Clements
1664,adapt. Alexandra Guimar„es ,none
1665,Richard Zimler ,none
1666,Carlos Frias de Carvalho ,none
1667,JosÈ AntÛnio Franco,Paraguayan
1668,Maria da ConceiÁ„o Ruivo ,none
1669,Francisco Duarte Mangas ,none
1670,texto e il. Oliver Jeffers ,Oliver is originally from Northern Ireland
1671,InÍs d'Almey ,none
1672,texto Pedro Ferr„o ,none
1673,Pedro Freire Costa,none
1674,textos de AntÛnio Mota ,Ant√≥nio Mota
1675,texto Rudyard Kipling ,Anglo-Indians
1676,Cassie Beasley ,none
1677,Teresa Marques ,none
1678,Jacob e Wilhelm Grimm ,German
1679,Ziraldo ,none
1680,Suzana Ramos ,none
1681,Susana Tamaro ,Italian
1682,"Jo„o Pedro MÈsseder, Rachel Caiano",none
1683,"Margarida Fonseca Santos, Danuta Wojciechowska",none
1684,adapt. Luc Lefort ,none
1685,Raquel Patriarca ,none
1686,Celeste de Almeida GonÁalves ,none
1687,F·tima …ffe & ZÈ-LuÌs ,none
1688,Anushka Ravishankar ,Geeta Wolf
1689,Anne Frank ,German
1690,Equipo Plantel ,none
1691,"Isabel MinhÛs Martins, Maria Manuel Pedrosa ",none
1692,Bana Alabed ,Syria
1693,Gertrude Stein ,American
1694,Thomas Meehan ,American
1695,contada e pintada por Jan Balet ,none
1696,JosÈ Saramago... [et al.] ,Portugal
1697,Alvaro Magalh„es ,none
1698,Frances Burnett ,both female and male
1699,texto de Andreia Penso Pereira ,none
1700,Isabel Zambujal ,none
1701,Ted Hughes ,"born in Mytholmroyd, Yorkshire, in 1930"
1702,Ramiro S. OsÛrio,none
1703,JosÈ Vaz ,Benaulim and Sancoale
1704,"InÍs Barata Raposo, Susa Monteiro",none
1705,Siobh·n Parkinson ,Irish
1706,Eve Garnett ,none
1707,Laura Owen ,American
1708,Felix Salten ,Siegmund Salzmann
1709,Enid Blyton ,British
1710,texto Suzana Ramos ,none
1711,"JosÈ Jorge Letria, Danuta Wojciechowska",none
1712,"Manuela Castro Neves, Madalena Matoso",none
1713,JiHyeon Lee,none
1714,texto Mac Barnett ,California
1715,Moncho Rodriguez ,Spanish
1716,texto LuÌs Almeida Martins ,Lu√≠s Almeida Martins
1717,JosÈ Carlos Rocha,none
1718,Rui Cerqueira Coelho ,none
1719,Richard Zimler,none
1720,Nuno Artur Silva ,none
1721,texto Ark·di AvÈrtchenko ,none
1722,JosÈ Fanha : il. Jo„o Nasi Pereira,none
1723,Naomi Jones e James Jones ,none
1724,Jean de La Fontaine ,French
1725,Ursula Wˆlfel ,none
1726,Irm„os Grimm ,none
1727,Guerra Junqueiro ,Portuguese
1728,Adelheid DahimËne ,none
1729,uma histÛria de Guido Visconti ,none
1730,escreveu Mia Couto ,Mia Couto
1731,Cl·udio Thebas ,none
1732,"Ana Soares, B·rbara Wong",none
1733,trad. Maria Alberta MenÈres ,none
1734,Pamela Cox ,none
1735,texto e aguarelas Antoine de Saint-ExupÈry ,none
1736,texto Jo„o Pedro MÈsseder ,Jo√£o Pedro M√©sseder
1737,Olinda Beja ,none
1738,"Maria InÍs Almeida, Joaquim Vieira ",none
1739,Jeanne-Marie Leprince de Beaumont ,French
1740,"Ana Maria Magalh„es, Isabel AlÁada, Carla Nazareth",none
1741,"Sophia de Mello Breyner Andresen, Pedro Sousa Tavares ",none
1742,texto Manuela J˙dice ,none
1743,texto e il. Pedro Seromenho,none
1744,Ulysses Moore ,Italy
1745,il. Rui Castro,none
1746,Tea Stilton ,"Sydney, Australia"
1747,Catarina da Fonseca ,none
1748,Sara Rodi,none
1749,texto de Leonor Mexia ,none
1750,[adapt.] LuÌsa Ducla Soares ,Lu√≠sa
1751,Mnuela Castro Neves ,none
1752,Maria Clementina ,Poland
1753,[texto] JosÈ LuÌs Peixoto ,none
1754,"[texto] Ana Maria Magalh„es, Isabel AlÁada ",none
1755,Alexandre  Honrado ,none
1756,Vanessa Mendes Martins ,none
1757,Catarina ¡guas ,none
1758,Capit„o Nemo ,none
1759,sel. e adapt. e reconto de Jo„o Pedro MÈsseder e Isabel Ramalhete ,none
1760,"LourenÁo Macedo Santos, Maria da Paz Braga, Pedro QueirÛs ",none
1761,de Peter Newell,none
1762,[texto] Isabel Zambujal ,none
1763,texto Margarida Fonseca Santos ,none
1764,texto Davide Cali ,none
1765,"sel., adapt. e recontado por Jo„o Pedro MÈsseder e Isabel Ramalhete ",none
1766,il. Maria Sassetti,none
1767,Irene Adler ,American
1768,Manuela Castro Neves : il. Madalena Matoso,none
1769,Roberto Parmeggiani ,none
1770,Jo„o Manuel Ribeiro,none
1771,"texto Carmen Chica, Manuel Marsol ",none
1772,Jo„o Fazenda,none
1773,Natacha Summer Ferreira ,none
1774,Sandro William Junqueira ,none
1775,Margarida Fonseca Santos e Elsa Serra,none
1776,"Margarida Fonseca Santos, Maria Teresa Maia Gonzalez",none
1777,Paulo Serra ,none
1778,texto Jean-Yves Ferri ,French
1779,Filipa S·ragga,none
1780,Marta Duque Vaz ,none
1781,"JosÈ Mattoso, Ana Maria Magalh„es, Isabel AlÁada",none
1782,Armanda Menezes ,none
1783,Alves Redol,none
1784,Jonathan Swift,Dublin
1785,Henriqueta Cristina ,none
1786,"Jory John, Mac Barnett ",American
1787,Sir Steve Stevenson ,none
1788,textos de Ricardo Henriques ,none
1789,HergÈ ,Georg√©s Remi
1790,"texto Afonso Cruz, Marta Bernardes ",none
1791,Raquel Ramos ,none
1792,Else Holmelund Minarik ,1957
1793,SÈrgio Mendes ,Brazilian Portuguese
1794,recontadas AntÛnio Mota ,Ant√≥nio Mota
1795,"Ana Maria Magalh„es, Isabel AlÁada  ",none
1796,Anabela Passos ,none
1797,trad. Maria Alberta MenÈres il. Rui Truta,none
1798,Nuno Matos Valente ,none
1799,Shaun Tan ,Perth
1800,texto e il. Federico Delicado ,none
1801,Uysses Moore ,Italy
1802,Pedro Jardim ,none
1803,Nuno Magalh„es Guedes ,none
1804,"Margarida Fonseca Santos, Maria Jo„o Lopo de Carvalho",none
1805,"Maria Teresa Maia Gonzalez, Maria do Ros·rio Pedreira ",Maria do Ros√°rio Pedreira
1806,Nilza de Assis ,none
1807,LuÌsa Lob„o Moniz ,none
1808,Julian Tuwim ,none
1809,"Jo„o Pedro MÈsseder, Ana Biscaia",none
1810,Joachim Masannek ,none
1811,Miguel Borges Silva ,none
1812,Margarita del Mazo ,Spanish
1813,P. L. Travers ,Australian-British
1814,VergÌlio Alberto Vieira ,none
1815,"texto Maria Alberta MenÈres, AntÛnio Torrado ",none
1816,Catarina C. Guimar„es e Nuno P. Nunes ,none
1817,Michael Bond ,Maida Vale
1818,il. Anastassija Archipowa ,none
1819,Johanna Spyri ,Swiss
1820,ConceiÁ„o Dinis TomÈ,none
1821,JosÈ Ruy,none
1822,Clarice Lispector ,Portuguese language
1823,texto de ¡lvaro Magalh„es ,none
1824,Mandana Sadat ,none
1825,Beatriz OsÈs ,none
1826,Cristina Norton ,none
1827,"Joana Miranda, Sofia Neves ",none
1828,Madeleine L'Engle ,American
1829,histÛria e il. por Roberto Innocenti ,none
1830,texto AndrÈ Gago ,none
1831,James Joyce ,Catholic Church
1832,texto RenÈ Goscinny ,created by writer Ren√© Goscinny and illustrator Albert Uderzo
1833,introd. e notas Urbano Tavares Rodrigues ,none
1834,texto de Anna Castagnoli ,none
1835,Adam Blade ,England
1836,de James Barklee ,none
1837,Jaime Cortes„o ,none
1838,"Rita Taborda Duarte, Maria Jo„o Lima",none
1839,encontrada por Shaun Tan ,none
1840,Barbara Lehman ,none
1841,by James Barklee,American
1842,texto de InÈs Almagro ,none
1843,Lynda Edwards ,Jamaica
1844,Silvia Santirosi ,none
1845,texto Maria do Ros·rio Pedreira ,none
1846,[texto e il.] Pedro Seromenho,none
1847,Sara Monteiro,none
1848,Jo„o Gomes de Abreu ,none
1849,Izabella Hearn ,none
1850,RamÛn Caride ,none
1851,Alexandre Honrado,none
1852,Rosa Mesquita ,none
1853,Maria Parr ,Norwegian
1854,Anna Kemp ,none
1855,Pedro Sena-Lino ,none
1856, JosÈ Eduardo Agualusa ,Angola
1857,baseado no conto de Jacob & Wilhelm Grimm ,none
1858,AgnËs de Lestrade ,none
1859,Gisela Silva ,none
1860,texto GonÁalo M. Tavares ,none
1861,texto de Roberto Malo e Francisco Javier Mateos ,none
1862,textos Yvette K. Centeno ,none
1863,histÛria de AntÛnio Mota ,Ant√≥nio Mota
1864,recontadas por Fiona Waters ,none
1865,M·rio Jo„o Alves ,none
1866,Franclim Neto ,none
1867,SÈrgio Guimar„es de Sousa ,none
1868,texto de Arturo Abad ,none
1869,Ruth Almog ,Israeli
1870,texto e ilustraÁ„o de Pedro Teixeira Neves,none
1871,"Mariana Bradford, Mariana Magalh„es e Joana Medeiros ",none
1872,Daniel Marques Ferreira,none
1873,"Margarida Fonseca Santos, InÍs do Carmo",none
1874,Joel Franz Rosell ,none
1875,JosÈ Leon Machado ,none
1876,texto de Txabi Arnal ,none
1877,"Alexandre Parafita, Simone de F·tima GonÁalves ",none
1878,Luc Besson ,French
1879,Julia Boehme ,none
1880,Bruno Munari ,Italian
1881,Jacques PrÈvert ,French
1882,texto e il. Ana Faria,none
1883,adap. Carmen Palomo Garcia ,none
1884,Maria Isabel Moura ,none
1885,texto PatrÌcia Reis ,none
1886,Manuela Leite ,none
1887,por Clement C. Moore ,none
1888,Sophia de Mello Breyner Andersen,Portuguese
1889,Shaun Tan,Perth
1890,adapt. Fabrice Colin ,none
1891,texto e fot. JosÈ Eduardo Agualusa,none
1892,texto de Xavier Queipo ,none
1893,Nuno Casimiro ,none
1894,A. G. Roemmers ,none
1895,Ana Meireles ,none
1896,texto LuÌsa Ducla Soares ,filhos
1897,escreveu JosÈ Jorge Letria ,none
1898,Sara Monteiro ,none
1899,"JosÈ Jorge Letria, AndrÈ Letria",none
1900,Charles Cros ,French
1901,Marie-JosÈ Bardinat... [et al.] ,none
1902,"Teresa Paiva, Helena Rebelo Pinto ",none
1903,reconta LuÌsa Ducla Soares ,Lu√≠sa
1904,Raul Malaquias Marques ,none
1905,texto e ilustraÁıes AndrÈ FranÁois ,none
1906,Angie Sage,"Thames Valley, London and Kent"
1907,Geronimo Stilton ,Geronimo Stilton is an Italian children's chapter book series
1908,Stan Smith ,"November 22, 1967"
1909,Fernando Nobre ,none
1910,Alexandre Honrado ,none
1911,texto EugÈnio Roda ,none
1912,escrito e il. por Mrs. Crevan Fox,none
1913,Charles Perrault ,"Paris, France"
1914,Emma Thomson ,British
1915,"AntÛnio Reis, Ana Maria Magalh„es e Isabel AlÁada",none
1916,texto Emily Hawkins ,none
1917,il. Roberto Innocenti ,none
1918,In·cio Pignatelli ,none
1919,Elsa Pestana Magalh„es ,none
1920,texto e il. MÛnica Baldaque,none
1921,LuÌsa Costa Cabral ,none
1922,EugÈnio Roda ,none
1923,InÍs Vinagre ,none
1924,Henry Gilbert,English-born Australian
1925,de L. Frank Baum,"Frank Baum was an American actor, businessman and writer"
1926,Margaret Wild ,two children
1927,Mariana Vaz Serra ,none
1928,uma histÛria de AntÛnio Mota ,Ant√≥nio Mota
1929,Vanina Starkoff ,Colombian
1930,AntÛnio Torrado... [et al.] ,none
1931,contos de EugÈnia Martins ,none
1932,texto LuÌs Filipe CristÛv„o ,none
1933,texto de Ros·rio AlÁada Ara˙jo ,none
1934,texto Anna Castagnoli ,none
1935,texto e il. Carlos J. Campos,none
1936,Helena Rainha Coelho ,none
1937,JosÈ Carlos de Vasconcelos ,none
1938,poemas JosÈ Jorge Letria  ,none
1939,JosÈ LuÌs Borga ,Portuguese
1940,MÛnica Baldaque,none
1941,Manuela Nogueira ,none
1942,Renata Gostoli . Um duelo na biblioteca,none
1943,Gwyneth Rees ,none
1944,escreveu Teresa Guimar„es ,none
1945,Stephen Rabley ,none
1946,Jacqueline Wilson ,Kingston-on-Thames
1947,"Margarida Fonseca Santos, Maria Teresa Maia Gonzalez ",none
1948,por Sir Fox de Fox ,none
1949,Kate Bloom e Emma Pack,none
1950,by Jeff Kinney,American
1951,Miguel Horta,none
1952,texto de JosÈ Vaz ,none
1953,F·tima …ffe ,none
1954,Louis Sachar,American
1955,Jacob [e] Wilhelm Grimm ,German
1956,LuÌsa Fortes da Cunha,none
1957,Raul Malaquias Marques,none
1958,Armindo Reis,none
1959,Maria Almira Soares ,none
1960,Carlos Paix„o ,none
1961,Steve Smallman ,none
1962,escrito por Irene Trimble ,none
1963,Hy Conrad ,none
1964,texto In·cio Pignatelli ,none
1965,Vera Roquete ,none
1966,Rita Taborda Duarte & LuÌs Henriques,none
1967,Ana Cristina Leonardo... [et al.] ,none
1968,Benedita Stingl ,none
1969,Susana Teles Margarido ,none
1970,Thea Feldman ,none
1971,Elisabete Vieira Canha de Andrade ,none
1972,selec. e trad. Wang Suoying e Ana Cristina Alves ,none
1973,textos Alice Rios ,none
1974,Daniel Defoe,out of a desire to have it sound more gentlemanly
1975,InÍs de Barros Baptista ,none
1976,textos de Margarida Fonseca Santos ,none
1977,Jim Sukach ,none
1978,Laura Owen e Korky Paul  ,none
1979,H. E. Marshall,British
1980,Jeremy Strong ,American
1981,"Antonio Amago, Nuria RodrÌguez",none
1982,Carlos Couceiro ,none
1983,Ana Maria Magalh„es... [et al.] ,Brazilian
1984,uma histÛria de Alice Cardoso ,none
1985,"Carla Machado, Miguel GonÁalves",none
1986,texto Menena Cottin ,none
1987,Vera Morgado ,none
1988,Carmen Gil e Elena Odriozola ,none
1989,texto de Joan e Albert Vinyoli ,none
1990,texto de Raquel Saiz ,none
1991,"Antonio Iturbe, Alex Omist ",none
1992,"Irm„os Grimm, Lisbeth Zwerger",none
1993,texto de Manfred Mai ,none
1994,JosÈ Jorge Letria + AndrÈ Letria,none
1995,adapt. Arianna Candell ,none
1996,Teresa Lobato de Faria ,none
1997,Rui Almeida Paiva,none
1998,Anne Collins ,Canadian
1999,Paul Kieve ,English
2000,¬ngelo da Silva ,none
2001,ed. Maria Jorge Vilar de Figueiredo e Teresa Belo ,none
2002,adapt e il. de Elza Mesquita e Ana Pereira ,none
2003,texto e il. SÈrgio Godinho,vive
2004,texto de Carlos Rebelo  ,none
2005,Anik Le Ray ,French author and screenwriter for animated films
2006,adapt. em prosa do poema Èpico de frei JosÈ de Santa Rita Dur„o por Jo„o de Barros ,none
2007,org. LuÌs Menezes... [et al.],none
2008,"Steve Smallman, Joelle Dreidemy ",France
2009,adapt. livre da obra de Jonathan Swift por Jo„o de Barros ,none
2010,recolha e adapt. Tiago Salgueiro ,none
2011,Gail Herman ,none
2012,org. e abertura JosÈ Viale Moutinho ,none
2013,Tiago Rebelo ,none
2014,texto e il. de Raffaello Bergonse,none
2015,texto Zacarias Nascimento ,none
2016,Maria JosÈ Mestre ,none
2017,Marta Elias ,none
2018,Natalie Babbitt ,"Dayton, Ohio"
2019,Andrew Clements,Andrew Clements
2020,adapt. Jo„o de Barros ,none
2021,Jo„o Paulo Seara Cardoso ,none
2022,Maria Gripe ,Swedish
2023,"AntÛnio Almeida, Orlando Strecht-Ribeiro ",none
2024,Rui Gr·cio ,none
2025,Fernando Branco Marado e CrianÁas ,none
2026,texto de AntÛnio Manuel Couto Viana ,Ant√≥nio Manuel Couto Viana
2027,texto de Robin Tzannes ,none
2028,texto de Hugo Santos ,none
2029,Tina Nolan ,New Zealand
2030,escreveu Amadeu Baptista ,none
2031,PatrÌcia Reis ,none
2032,Odile Weulersse ,none
2033,de Oscar Wilde ,Irish
2034,Paula Alexandra Carreira ,none
2035,Care Santos ,none
2036,Michael Cox ,none
2037,"Lorenzo Silva, Jordi S‡bat ",none
2038,de Rosa Lobato Faria ,Portuguese
2039,texto Bernardo Pinto de Almeida ,none
2040,Maria JosÈ Meireles ,none
2041,Jerome K. Jerome ,"May 2, 1859"
2042,"Helena Oliveira, InÍs Moura Paes",none
2043,textos de JosÈ Viale Moutinho ,none
2044,texto Alexandre Honrado ,none
2045,Hans C. Andersen ,none
2046,MarÌlia Miranda Lopes ,none
2047,"selec. adapt. e trad. Wang Suoying, Ana Cristina Alves ",none
2048,"sel., introd. e notas JosÈ AntÛnio Gomes ",none
2049,Bill Watterson ,American
2050,Teresa Guedes ,none
2051,Juan RamÛn JimÈnez ,Moguer i Andalusia
2052,Ana Maria Machado ,Brazilian
2053,Clem Martini ,none
2054,Daniel Pennac ,"Casablanca, Morocco"
2055,Texto de ¡lvaro de Magalh„es ,none
2056,"Esopo, La Fontaine, e outros ",none
2057,Maria Teresa Sena de Vasconcelos ,none
2058,Violeta Figueiredo ,none
2059,versos miudinhos de AntÛnio Torrado ,none
2060,"F·tima …ffe, ZÈ-LuÌs ",none
2061,trad. Peter Taylor,none
2062,texto de HÈlËne Suzzoni ,none
2063,textos sel. e contados por ThÈrËse de Cherisey e Vanessa Henriette ,none
2064,Laura Garnham ,none
2065,Knife e Packer ,none
2066,Pedro Freire Costa ,none
2067,"EugÈnio Roda, GÈmeo LuÌs",none
2068,AntÛnio Antunes Carvalho ,Portuguese
2069,Rigoberta Mench˙ com Dante Liano ,none
2070,BegoÒa Oro ,none
2071,Manuel V·zquez Montalb·n ,none
2072,Avelina Vieira ,none
2073,"Jorge Listopad, Manuela Bacelar",none
2074,texto e des. de Albert Uderzo,Asterix
2075,Russel Stannard ,British
2076,texto e il. Katharina Grossmann-Hensel ,none
2077,"Manuel Jorge Marmelo, Maria Miguel Marmelo ",none
2078,texto de LuÌsa Ducla Soares ,filhos
2079,textos Alejandra RamÌrez Zarzuela ,none
2080, M. ConceiÁ„o Galveia Ferreira ,none
2081,Carlos Correia ,none
2082,Christel Desmoinaux ,none
2083,Jon Blake ,Sydney suburb of Hornsby
2084,Henrique Madeira,none
2085,argumento Pierre Veys ,none
2086,Jo„o CÈsar das Neves... [et al.] ,none
2087,texto de Margarida Castel-Branco ,none
2088,compilados por M. Margarida Pereira-M¸ller ,none
2089,colect‚nea org. por Elisa Maria Lopes da Costa,none
2090,Fernando Vale ,Portuguese
2091,"Jo„o Paulo Cotrim, Tiago Manuel",none
2092,Megan McDonald ,"Pittsburgh, Pennsylvania"
2093,Didier LÈvy ,none
2094,"Aldous Huxley, Beatrice Alemagna ",none
2095,Albert JanÈ ,none
2096,texto Ros·rio AlÁada Ara˙jo ,none
2097,Sergio BambarÈn ,none
2098,texto Josephine Poole ,none
2099,Phyllis Reynolds Naylor,during the Great Depression
2100,Elizabeth Goudge,none
2101,texto HÈlia Correia ,none
2102,Teresa Rita Lopes ,none
2103,"Concha LÛpez N·rvaez, Carmelo SalmerÛn ",none
2104,um conto de Nuno J˙dice ,none
2105,Cathy East Dubowski,none
2106,Maria Filomena MÛnica ,none
2107,Susanna Tamaro ,Italian
2108,P.B. Kerr ,British
2109,il. Aida Xavier,"Aznavour spoke and sang in many languages (French, English, Italian, Spanish, German, Russian, Armenian, Neapolitan and Kabyle)"
2110,Silvana Gandolfi,none
2111,texto e il. Montse Gisbert ,none
2112,Joanathan Swift ,Dublin
2113,"Jo„o Paulo Cotrim, Miguel Rocha",none
2114,"Jo„o Paulo Cotrim, Maria Jo„o Worm",Jo√£o Paulo Cotrim
2115,texto Fabrice Lelarge ,none
2116,Victor Santos ,none
2117,Guido Visconti ,none
2118,"AntÛnio Avelar de Pinho, Pedro de Freitas Branco ",none
2119,"Debra Doyle, James D. Macdonald",none
2120,Hor·cio Quiroga,none
2121,Maria da ConceiÁ„o Galveia Ferreira ,Maria da Concei√ß√£o Galveia Ferreira
2122,um conto de InÍs Pedrosa ,In√™s
2123,uma antologia de Manuela Espirito Santo ,none
2124,texto de Manuel AntÛnio Pina ,none
2125,Elke Heidenreich,none
2126,adapt. Arnica Esterl ,none
2127,Bernardo Pinto de Almeida ,none
2128,A. do Carmo Reis ,none
2129,um conto de Bernardo Pinto de Almeida ,none
2130,texto Nicola Cinqueti ,1964
2131,Detlev Patz ,none
2132,Beatrice Masini ,Italian
2133,il. Pier Giorgio Citterio ,none
2134,William Kotzwinkle ,American
2135,Abner Shimony ,none
2136,Ana de Castro OsÛrio ,none
2137,Irm„os Grimm,none
2138,um conto de Ana Maria Magalh„es e Isabel AlÁada ,none
2139,histÛrias e versos de JosÈ Fanha ,none
2140,um conto de Vasco GraÁa Moura ,none
2141,Nat·lia Bebiano ,none
2142,Philippe Delerm ,none
2143,Sylvia Plath ,American
2144,orient. tÈc. Armando M. O. Vieira,none
2145,texto de Helder Moura Pereira ,none
2146,Jack Challoner ,none
2147,George Lucas,"Modesto, California"
2148,Anna Sewell ,Old Catton
2149,GrÈgoire Solotareff ,French
2150,il. Shirley Chan,none
2151,il. Alexander Koshkin,none
2152,il. Michael Fiodorov ,Ukrainian
2153,Alfred Hitchcock ,"Roman Catholics, with partial roots in Ireland"
2154,Maria Rosa ColaÁo,none
2155,James Bentley ,Ireland
