,author
0,Louisa May Alcott 
1,William Faulkner 
2,Lois Lowry 
3,João Manuel Ribeiro 
4,António Mota
5,Walter Benjamin 
6,org. José Fanha 
7,Oscar Wilde 
8,John Steinbeck 
9,Manuel Rui
10,Ella Berthoud e Susan Elderkin 
11,Inês Fonseca Santos 
12,Júlio Verne 
13,Rudyard Kipling 
14,Sara Pennypacker 
15,Felipe Nunes
16,Mark Twain. Rikki-tikki-tavi
17,Alice Vieira 
18,Afonso Cruz
19,Charles Dickens 
20,Nikolai Gogol 
21,Álvaro Magalhães
22,renovado por Joseph Bédier 
23,[texto] e il. Valter Hugo Mãe
24,Hans Christian Andersen 
25,Roald Dahl 
26,Joana Bértholo 
27,Brian Selznick 
28,Maria Francisca Macedo 
29,"Isabel Minhós Martins, Bernardo P. Carvalho"
30,Isabel Maria Fidalgo Mateus 
31,Philip Pullman 
32,David Almond 
33,Heather Morris 
34,Michel Rio 
35,José Jorge Letria 
36,Eça de Queirós 
37,Júlio verne 
38,R. J. Palacio 
39,José Mauro de Vasconcelos
40,texto Maria Francisca Macedo 
41,Neil Gaiman 
42,David Walliams 
43,"Ana Maria Magalhães, Isabel Alçada "
44,António Sérgio 
45,Carlo Collodi 
46,Álvaro Magalhães 
47,Ana Maria Magalhães e Isabel Alçada 
48,Roger Lancelyn Green 
49,André Letria
50,H. G. Wells 
51,Edmundo de Amicis 
52,Bobbie Peers 
53,Trudi Trueit 
54,Catarina Sobral
55,texto e il. Alexandra Lucas Coelho
56,Roger Ycaza 
57,"Ana Pessoa, Joana Estrela"
58,texto Inês Barahona e Miguel Fragata 
59,Elisabeth Gifford 
60,Joana Lopes e Mafalda Milhões
61,Roberto Innocenti 
62,Peter Brown 
63,Gonçalo M. Tavares 
64,Paul Auster 
65,texto e il. Howard Pyle 
66,Alexandre Dumas 
67,Alexandra Lucas Coelho
68,texto de Christophe Gallaz e Roberto Innocenti 
69,Beatrix Potter 
70,Miguel Torga
71,José Saramago
72,Astrid Lindgren 
73,Otried Preussler 
74,Filomena Lança
75,Kimberly Brubaker Bradley 
76,Ricardo Araújo Pereira
77,"María Solar, Gusti "
78,Jonathan Swift 
79,"Daniel H. Chambers, Federico Delicado "
80,Luis Sepúlveda 
81,Jorge Reis-Sá 
82,Rafael Sabatini
83,Robert Louis Stevenson 
84,recontadas por Julia Bruce 
85,texto Nuno Markl 
86,João Marecos 
87,Henri Charrière 
88,[compil.] José Viale Moutinho
89,Simon Sebag Montefiore 
90,Almeida Garrett
91,il. Fatinha Ramos
92,adapt. António Sérgio 
93,Lewis Carroll 
94,Judith Kerr 
95,Gine Victor 
96,E. B. White 
97,Camilo Castelo Branco 
98,Agustina Bessa-Luís 
99,Maurice Sendak 
100,Mathias Picard 
101,Shel Silverstein 
102,André Ducci
103,Sophie Plowden 
104,texto e il. dos Alunos da ES 2.3 D. Filipa de Lencastre
105,texto e il. Marco Taylor
106,Mário-Henrique Leiria 
107,T. S. Eliot 
108,Jimmy Liao 
109,org. Aida Sampaio Lemos... [et al.]
110,Jason Reynolds 
111,Harper Lee 
112,Onjali Q. Raúf 
113,adapt. em prosa de João de Barros 
114,Margarida Fonseca Santos 
115,Rosário Alçada Araújo 
116,Arthur Conan Doyle 
117,James Patterson e Chris Grabenstein 
118,Alex Nogués 
119,Luís Sepúlveda 
120,Kelly Barnhill 
121,Morris Gleitzman 
122,Daniel Defoe 
123,Laia de Ahumada 
124,Eleanor H. Porter 
125,Dino Buzzati 
126,Manuel António Pina
127,"org., transcr. e extratextos Victor Correia"
128,"António José da Silva, o Judeu"
129,Catarina Fonseca
130,Fernando Pessoa & Apóstolos 
131,Erin Entrada Kelly 
132,Suzanne Heller 
133,"coord. Leonor Abecasis, Isabel Oliveira Martins, Larissa Shotropa "
134,Manuela Gonzaga
135,"Eça de Queiroz. Bartleby, o escrivão : uma história de Wall Street"
136,Ana Pessoa 
137,M. Margarida Pereira-Müller 
138,Jaroslav HaÅ¡ek 
139,Sofia Martinez
140,Valter Hugo Mãe 
141,adapt. Aquilino Ribeiro 
142,Sarah Lean 
143,Condessa de Ségur 
144,Francisco Sousa Faria da Silva
145,Selma Lagerlöf 
146,Paul Theroux 
147,"Isabel Peixeiro, Margarida Fonseca Santos, Rosário Padinha Ribeiro"
148,Miguel de Cervantes 
149,reconstituído por Afonso Lopes Vieira 
150,Pero Vaz de Caminha
151,Howard Pyle 
152,concebido e escrito por Lucy Ferry 
153,Gentil Marques 
154,Mark Twain 
155,Christelle Dabos 
156,Alan Gratz 
157,Susana Monteagudo 
158,Gianni Rodari 
159,Jorge Canuto Glória 
160,argumento Dominique Ziegler 
161,texto José Jorge Letria 
162,Margarida Fonseca Santos
163,org. de António Botto 
164,Timothée de Fombelle 
165,Béja e Nataël 
166,Olga Tokarczuk 
167,"Luca Crippa, Maurizio Onnis "
168,Phillip Hoose 
169,André Carrilho
170,org. António Botto 
171,Luísa Ducla Soares 
172,Kirsten Smith 
173,Anthony Hope 
174,Ana Luísa Pleno Rajão 
175, J. R. R. Tolkien 
176,José António Franco 
177,Sophie Anderson 
178,Rachael Lippincott 
179,compil. e pref. Nelson Mandela 
180,Clovis Levi 
181,E. Nesbit 
182,Oliver Jeffers 
183,Jordan Scott 
184,G.K. Chesterton 
185,Nani Brunini
186,Mark Haddon 
187,il. Pietro Gottuso
188,adapt. e il. Odyr 
189,texto de Fran Pintadera 
190,Virginia Woolf 
191,José Mauro de Vasconcelos  
192,Eddie Jaku 
193,Tomás Guerrero 
194,"Delep, Dorison "
195,Ross Welford 
196,adapt. e argum. Djian 
197,L. Frank Baum
198,adapt. e argum. Christophe Lemoine 
199,adapt. e argum. Caterina Mognato 
200,Renia Spiegel 
201,adapt. e argum. Claude Carré 
202,Lucy Maud Montgomery 
203,Marta Breen e Jenny Jordahl 
204,John Grisham 
205,Susana Cardoso Ferreira 
206,Charlie Mackesy 
207,Miguel Sousa Tavares 
208,Arianna Squilloni 
209,Malala Yousafzai 
210,texto Lurdes Breda 
211,"Franz Kafka, Guridi "
212,Maite Carranza 
213,Isabel Minhós Martins 
214,Sophia de Mello Breyner Andresen 
215,Soeiro Pereira Gomes
216,Ilse Losa
217,Maurice Leblanc 
218,João de Melo 
219,Lúcia Vicente 
220,Conceição Dinis Tomé 
221,Justin A. Reynolds 
222,Victor Hugo 
223,"Eugenio Carmi, Umberto Eco "
224,Johanna Schaible  
225,adapt. e argum. Philippe Chanoinat e Djian 
226,James Norbury 
227,Alice Oseman 
228,texto de Marianne Laidlaw 
229,por Carlos Ascenso André 
230,Lurdes Breda il. Tânia Clímaco
231,Geremias Mendoso 
232,Mafalda Moutinho 
233,Sérgio Almeida 
234,Alfredo Behrens 
235,"Scott Cawthon, Kira Breed-Wrisley "
236,adapt. e argum. des. e cores Chrys Millien 
237,Emilio Salgari 
238,"Pedro Pereira Lopes, Chico António "
239,Rafo Díaz 
240,José Fanha 
241,Michael Ende 
242,escrito e il. Rob Biddulph 
243,David Machado 
244,Anete Melece 
245,Antoine de Saint-Exupéry 
246,António Torrado 
247,Sosuke Natsukawa 
248,Marion Zimmer Bradley 
249,João de Mancelos
250,Kenji Miyazawa 
251,Ana Ferreira da Silva
252,Hélia Correia
253,Jon Klassen 
254,Sara Albuquerque 
255,Arthur C. Clarke 
256,Lev Tolstoi 
257,Rick Riordan 
258,Washington Irving 
259,texto João Paulo Cotrim 
260,Fernando Assis Pacheco 
261,Jack Meggitt-Phillips 
262,Jason Platt 
263,Lurdes Breda 
264,Aquilino Ribeiro 
265,Harriet Beecher Stowe 
266,L. Frank Baum 
267,António Garcia Barreto 
268,Jairo Aníbal Niño 
269,Italo Calvino 
270,Maria Teresa Maia Gonzalez
271,Pearl S. Buck 
272,"Mariko Tamaki, Jillian Tamaki "
273,Tim Bowler 
274,Selma Lagerlof 
275,Paula Carballeira 
276,Machado de Assis 
277,Eça de Queiroz 
278,trad. Elsa T. S. Vieira
279,Luísa Costa Gomes 
280,Albert Camus 
281,John Boyne 
282,Alice Vieira
283,Art Spiegelman 
284,Almeida Garrett 
285,Jorge Amado 
286,Homero 
287,José Mauro de Vasconcelos 
288,adapt. de Amélia Pinto Pais
289,texto de Adélia Carvalho 
290,Alexandre Hercuano 
291,por Frederico Lourenço 
292,Leon Leyson com Marilyn J. Harran e Elizabeth B. Leyson 
293,José Saramago 
294,Gabriel García Márquez 
295,por Alexandre Herculano 
296,Vasco Graça Moura
297,Maria Alberta Menéres 
298,Malala Yousafzai com Christina Lamb 
299,Gonçalo Cadilhe
300,José Xavier 
301,Isabel Allende 
302,adapt. de Claire Ubac 
303,Raul Brandão 
304,Mia Couto 
305,Ernest Hemingway 
306,Trindade Coelho 
307,Dinis Machado
308,Fernando Pessoa 
309,José Eduardo Agualusa
310,Doris Lessing 
311,Ondjaki 
312,José Cardoso Pires 
313,Patrick Modiano 
314,Rui Miguel Tovar
315,Ana Maria Magalhães e Isabel Alçada
316,Alexandre Herculano
317,de Rider Haggard 
318,William Golding 
319,Gayle Forman
320,Jane Austen 
321,Tom Michell 
322,Thomas Mann 
323,Hélia Correia 
324,Mia Couto
325,arg. e des. José Carlos Fernandes
326,Reinhard Kleist 
327,Mário Zambujal
328,Tove Jansson 
329,Tiago Patrício
330,Manuela Barros Ferreira 
331,Charles Kingsley 
332,Raquel Ramos
333,Cristina Carvalho 
334,Jandy Nelson 
335,Katherine Applegate 
336,Tolstoi 
337,Ondjaki
338,Gil Vicente 
339,Kate DiCamillo 
340,Jonas Jonasson 
341,texto Mário de Carvalho 
342,Carlo Collodi e Roberto Innocenti 
343,Marcelo D' Salete
344,André Diniz 
345,adapt. Vanessa Rubio-Barreau 
346,André Oliveira 
347,Agustina Bessa-Luís
348,Catarina Gomes
349,Jack London 
350,Marcus Zusak 
351,Lucy M. Montgomery 
352,texto Ana Pessoa 
353,Miguel Esteves Cardoso
354,José Carlos Fernandes
355,Luísa Costa Gomes
356,Rita Taborda Duarte 
357,Pierdomenico Baccalario 
358,Camilo Castelo Branco
359,Stephen Hawking 
360,Carla Maia de Almeida 
361,Emílio Salgari 
362,Alan Snow 
363,Jesús Carrasco 
364,Agatha Christie 
365,João Amaral
366,Sam Savage 
367,Sérgio Rodrigues 
368,Erico Veríssimo 
369,Andréa del Fuego
370,Gil Vicente
371,John Vaillant 
372,Solomon Northup 
373,Gao Xingjian 
374,Mário de Carvalho
375,"John Green, Maureen Johnson, Lauren Myracle"
376,Augusto José Monteiro 
377,Sid Jacobson e Ernie Colón 
378,Malala Yousafzai com Patricia McCormick 
379,Rosa Lobato de Faria 
380,Michel Tournier 
381,Ana Saldanha
382,Jean Giono 
383,Mário Cláudio 
384,John Green
385,Veronica Roth
386,Tim Bowley 
387,Michael Morpurgo 
388,Andy Mulligan 
389,"Ana Maria Magalhães, Isabel Alçada"
390,Sofia Martinez 
391,Manuel Alegre
392,José Luís Peixoto 
393,Ana Folhadela 
394,Patrick Süskind 
395,Alan Lightman 
396,Kathryn Erskine 
397,Tom Bullough 
398,Chris Priestley 
399,António Torrado
400,Dava Sobel 
401,David Gilmour 
402,Emma Donoghue 
403,Ian Beck 
404,James Bradley 
405,Vitorino Nemésio
406,Cesário Verde 
407,Francesco D'Adamo 
408,Ben Jonson 
409,Hermann Hesse 
410,Bruce Chatwin 
411,Frances Hardinge 
412,Rider Haggard 
413,Yann Martel 
414,Manuel da Fonseca
415,Francisco Duarte Mangas... [et al.]
416,John Grogan 
417,Vergílio Ferreira
418,de Trindade Coelho
419,G. K. Chesterton
420,Raul Brandão
421,Machado de Assis
422,Emilio Salgari
423,"Rudyard Kipling "" seguido de"" através das ondas"
424,António Gedeão
425,Lewis Carrol 
426,Henry DeVere Stacpoole
427,Frances Hodgson Burnett 
428,José Jorge Letria
429,Edgar Allan Poe 
430,Sophia de Mello Breyner Andresen
431,Leonoreta Leitão 
432,Filipe Faria
433,John Connolly 
434,Mark Twain
435,Peter Ward 
436,Eça de Queirós e Ramalho Ortigão
437,William F. Nolan and George Clayton Johnson 
438,Diana Mohamadi 
439,Eça de Queirós
440,William Shakespeare 
441,Isabel Maria Fidalgo Mateus
442,Augusto Carlos
443,Bram Stoker e Ian Holt 
444,Dave Eggers 
445,Bernard Cornwell
446,Agustín Fernández Paz 
447,texto de Cidália Fernandes 
448,Ana Teresa Pereira
449,Rider Haggard
450,adapt. de Lara Bergen 
451,adapt. Aquilino Ribeiro
452,Charles Dickens
453,Ana Paula Tavares ... [et al.] 
454,Jean-Christophe Bailly
455,Júlio Verne
456,contada às crianças e ao povo por João de Barros 
457,Brian Jacques 
458,adapt. Marques Braga 
459,Thomas Bailey Aldrich 
460,Manuel Alegre 
461,A. J. Lake 
462,António Mota 
463,Lídia Jorge
464,Aquilino Ribeiro
465,Shannon Hale 
466,François Bégaudeau 
467,Wedekind
468,Thomas Berger 
469,Kenneth Grahame 
470,texto e il. Helga Gebert 
471,C. S. Lewis 
472,Iain Lawrence 
473,Terry Deary 
474,Marion Zimmer Bradley
475,Kirsten Miller 
476,Katherine Paterson 
477,Paul Stewart e Chris Riddell 
478,João Aguiar 
479,Truman Capote 
480,Emma Maree Urquhart 
481,Anónimo 
482,Victor Hugo
483,Irene Lisboa 
484,Tim Bowler
485,David Howarth 
486,Capitão Charles Johnson 
487,adapt. dos textos Xavier Valls 
488,Alberto Braga... [et al] 
489,texto e fotografias Miguel Sousa Tavares
490,Henrique O'Neill 
491,Vergílio Ferreira 
492,J. R. R. Tolkien
493,texto de Jorge Araújo 
494,Meg Cabot 
495,J. R. R. Tolkien 
496,Louise Cooper
497,"Terry Deary, Peter Hepplwhite "
498,Martin Oliver 
499,selec. e org. Valter Hugo Mãe
500,H. Rider Haggard 
501,Bernardo Atxaga
502,Cyrano de Bergerac
503,R. L. Stevenson
504,Trindade Coelho
505,Richard Bach
506,texto Richard Platt 
507,Jack London
508,Nadine Gordimer 
509,Almada Negreiros
510,José Rodrigues Miguéis
511,[transcrição] Pedro Eiras
512,José de Almada Negreiros 
513,Júlio Dinis 
514,Mário de Sá Carneiro
515,Jean Rhys 
516,Amin Maalouf 
517,Nelson Rodrigues
518,Jorge Luis Borges 
519,Nuno Costa Santos
520,Ricardo Arújo Pereira
521,Maria Velho da Costa 
522,Manuel Jorge Marmelo
523,"Filipe Melo, Juan Cavia"
524,Fiódor Dostoievski 
525,Lucia Berlin 
526,Julián Fuks
527,Raduan Nassar
528,Graham Greene 
529,Julian Barnes 
530,V. S. Naipaul 
531,Gustave Flaubert 
532,Charles Bukowski 
533,Fernando Namora 
534,André Alexis 
535,Antoigne Compagnon 
536,Ana Margarida de Carvalho
537,org. Luís Naves
538,Mário Cláudio
539,Linda Sue Park 
540,Rebecca Solnit 
541,Marcelo Quintanilha
542,"de Angélica Freitas, Odyr"
543,João Ricardo Pedro
544,Ruy Castro
545,James Salter 
546,Dylan Thomas 
547,James Riordan 
548,Erskine Caldwell 
549,Anónimo do século XVI e H. de Luna 
550,Henry James 
551,Orhan Pamuk
552,Pedro Mexia
553,Jorge de Sena
554,Franz Kafka 
555,[adapt.] Pierre-Henry Gomont 
556,Stendhal 
557,Juan José Millás 
558,Pam Jenoff 
559,Rachel Cusk 
560,Daphne du Maurier 
561,Joseph Conrad 
562,Cristina Carvalho
563,Jorge Carrión 
564,Madame de Lafayette 
565,trad. de Margarida Amado Acosta
566,Patrícia Portela
567,Jostein Gaarder 
568,versão de Marcello Quintanilha
569,texto Sébastien Perez 
570,Manuel António Pina 
571,Júlio Dinis
572,Bram Stoker 
573,Bruno Vieira Amaral
574,Nicola Yoon 
575,João Pinto Coelho
576,Melissa Fleming 
577,John Green 
578,Miguel Gizzas
579,Tiago Rodrigues
580,Eça de Queiroz
581,João Tordo
582,trad. Hugo Maia
583,Yasmina Reza 
584,Bruno Vieira do Amaral
585,Maria José da Silveira Núncio
586,Lídia Jorge 
587,Frederico Lourenço 
588,Kensaburo Oe 
589,Ana Pessoa... [et al.]
590,Primo Levi 
591,Claudio Magris 
592,David Sala 
593,Milton Hatoum
594,María Gainza 
595,texto e il. Beatrix Potter 
596,texto e il. de Pei-Yu Chang 
597,Slawomir Mrozek 
598,J. Rentes de Carvalho
599,"org., introd., notas Maria Vitalina Leal de Matos"
600,Sérgio Godinho
601,Gonzalo Torrente Ballester 
602,Luigi Pirandello 
603,Joseph Joffo 
604,Roberto Bolaño 
605,H.G. Wells 
606,Herman Melville 
607,Jorge Amado e José Saramago 
608,Arturo Pérez-Reverte 
609,Miguel Tamen
610,Rainer Maria Rilke 
611,José Luandino Vieira 
612,Kapaf Epalanga
613,Ana Isabel Vasconcelos
614,Fernão Lopes 
615,texto Rob lloyd Jones 
616,Nils Uddenberg 
617,Mariana Enriquez 
618,Padre António Vieira 
619,Sónia Serrano
620,Rui Pina Coelho
621,Juliet Marillier 
622,coord. geral Helena Carvalhão Buescu
623,Lucy & Stephen Hawking 
624, Walter Scott 
625,Rubem Fonseca 
626,ed. crít. Luiz Fagundes Duarte
627,António Lobo Antunes 
628,Eric Knight 
629,Elena Ferrante 
630,Mário de Carvalho 
631,F. Scott Fitzgerald 
632,Carlos Ruiz Zafón 
633,planeada por Fernando Passoa 
634,Pepetela 
635,Mario Vargas Llosa 
636,[E. M. Forster... et al.]
637,Jean-Paul Sartre 
638,textos e des. Fábio Celoni 
639,Manuel Vilas 
640,Jacques Ferrandez 
641,Carry Ulreich 
642,Rui Lage
643,"texto, il. e narração Rodolfo Castro... [et al.] "
644,João de Melo
645,Dulce Maria Cardoso
646,Adolfo Caminha 
647,Tiago Ferro
648,Jarett Kobek 
649,Sinclair Lewis 
650,W. Somerset Maugham 
651,Vitorino Nemésio 
652,Camilo José Cela 
653,Javier Marías 
654,Marcel Proust 
655,Yu Hua 
656,Daniel Mendelsohn 
657,Ray Bradbury 
658,Marguerite Yourcenar 
659,Eva Schloss com Karen Bartlett 
660,Germano Almeida 
661,Elizabeth Wein 
662,Shusaku Endo 
663,Alexandre Dumas
664,Paulo Varela Gomes
665,Umberto Eco 
666,Nikolai Gógol
667,Nikolai Tchernichévski 
668,Lev Tolstói 
669,Guy de Maupassant 
670,Stephen King 
671,Edmondo De Amicis 
672,George e Weedon Grossmith 
673,Boileau-Narcejac 
674,Isabel Lucas
675,Joseph Roth 
676,August Strindberg 
677,Maria Judite de Carvalho 
678,Ana Paula Miranda 
679,Anton Tchékhov 
680,Djaimilia Pereira de Almeida
681,Sally Rooney 
682,Agustina Bessa Luís 
683,Honoré de Balzac 
684,Isaac Asimov 
685,Han Kang 
686,Susan Sontag 
687,Natalia Ginzburg 
688,David Grossman 
689,por Rider Haggard 
690,Miguel Real
691,Stefan Hertmans 
692,José Eduardo Agualusa e Mia Couto
693,Patti Smith 
694,Paulo José Miranda 
695,Jaime Rocha
696,Ana Margarida de Carvalho... [et al.]
697,Gonçalo M. Tavares
698,Francisco José Viegas
699,Itamar Vieira Junior
700,João Guimarães Rosa
701,Chico Buarque
702,Donald Ray Pollock 
703,Thomas Mann
704,António Carlos Cortez
705,Robin Benway 
706,Mohsin Hamid 
707,Anna Burns 
708,A. S. Byatt 
709,Ian McEwan 
710,Margaret Drabble 
711,Thomas Hardy 
712,Anne Brontë 
713,Virgínia Woolf 
714,Jonathan Coe 
715,Peter Carey 
716,Philippe Claudel 
717,Erich Maria Remarque 
718,Thomas More 
719,Ralf Rothmann 
720,Jacinta Maria Matos
721,Karina Sainz Borgo 
722,Dasa Drndic 
723,Michael Ondaatje 
724,Germano Almeida
725,Geovani Martins
726,Jay Parini 
727,Ismail Kadaré 
728,Miguel Franco
729,Luize Valente 
730,John SteinbecK 
731,Milan Kundera 
732,Olivier Rolin 
733,Magda Szabó 
734,Boris Pasternak 
735,Kazuo Ishiguro 
736,Elif Shafak 
737,Willa Cather 
738,João de Araújo Correia
739,Ernesto Rodrigues
740,Joana Bértholo
741,Paolo Cognetti 
742,Éric Vuillard 
743,Isabel Rio Novo
744,Clara Macedo Cabral
745,Hugo Mezena
746,Karla Suárez 
747,João Paulo Borges Coelho
748,Beatriz Sarlo 
749,Olinda Beja
750,Laurent Binet 
751,Anatole France 
752,Colson Whitehead 
753,Selva Almada 
754,Natália Constâncio 
755,José Luís Peixoto
756,Luis Landero 
757,José Carlos Seabra Pereira 
758,Simon Stranger 
759,Mai Jia 
760,arte e adap. Renée Nault 
761,Yrsa Sigurbardóttir 
762,Rosa Montero 
763,Juan Gabriel Vásquez 
764,Pablo d'Ors 
765,Norberto Morais
766,Voltaire 
767,Jean-Pierre Sarrazac 
768,Romain Gary 
769,Richard Ford 
770,Sérgio Sant'Anna 
771,Fiodor Dostoievski 
772,David Mamet 
773,Kate Quinn 
774,Sayaka Murata 
775,Tom Malmquist 
776,Maja Lunde 
777,Emilio Van der Zuiden 
778,N. K. Jemisin 
779,Paulo M. Morais
780,Ana Cristina Silva
781,Hugo Gonçalves
782,Pedro Vieira
783,Ferreira de Castro
784,Sandra Catarino
785,argumento Benjamin von Eckartsberg 
786,Pepetela
787,Tina Vallès 
788,Claudia Piñeiro 
789,Anna Giurickovic Dato 
790,Dolores Redondo 
791,Patrick White 
792,Ivan Gontcharov 
793,Vanessa Springora 
794,D. H. Machado 
795,Margaret Mitchell 
796,Hilary Mantel
797,Elizabeth Taylor 
798,Peter Handke 
799,T. E. Lawrence 
800,Fiódor Dostoiewski 
801,adapt. Fido Nesti 
802,G. K. Chesterton 
803,Teolinda Gersão
804,"org., introd, notas Hugo Pinto Santos"
805,Helder Moura Pereira
806,Paulo da Costa Domingos
807,"ed. Jerónimo Pizarro, António Cardiello "
808,Fernanda Botelho
809,Henrique Manuel Bento Fialho
810,Orhan Pamuk 
811,George Orwell 
812,Joël Dicker 
813,António Mega Ferreira
814,Patricia Highsmith 
815,Fialho de Almeida
816,Mário Cesariny 
817,Ruben A.
818,Edna O'Brien 
819,Frederico Lourenço
820,Christophe Chabouté 
821,Vergílio 
822,Ruben A
823,Margaret Atwood
824,"sel., introd. notas Carina Infante do Carmo"
825,Victor Serge 
826,Roberto Arlt 
827,Yasunari Kawabata 
828,Valter Hugo Mãe
829,Hans Herbert Grimm 
830,Hiro Arikawa 
831,João Reis
832,Val Emmich 
833,Reinaldo Ferreira
834,David Machado
835,Cláudia Branco 
836,Júlio Cortázar 
837,Joana Estrela
838,Sophia de Mello Breyner Andersen 
839,trad. Vasco Graça Moura
840,Jorge Luis Borges com Margarita Guerrero 
841,Pierre Loti 
842,"Cláudia Dias, António Jorge Gonçalves"
843,Mafalda Santos 
844,Daniel Faria 
845,ed. e sel. Fernando Gómez Aguilera 
846,Vassili Grossman 
847,Davide Enia 
848,Samuel Beckett 
849,María Hesse 
850,"Cláudia Dias, Idoia Zabaleta, António Jorge Gonçalves"
851,Jennifer Niven 
852,Kamo no Chomei 
853,Knut Hamsun 
854,Stefan Zweig 
855,Guerra Junqueiro
856,Padre António Vieira
857,Raúl Brandão
858,Jokha Alharthi 
859,Camillo Castello Branco
860,Mariana Abrunheiro 
861,"com. cient. Antonio Cardiello, Jerónimo Pizarro, Sílvia Laureano Costa "
862,Alice Hoffman 
863,Pedro Strecht 
864,Juan José Millás e Juan Luis Arsuaga  
865,Eugénio de Andrade 
866,Abdulrazak Gurnah  
867,Nan Shepherd 
868,Anthony Doerr 
869,Nélida Piñon
870,João Afonso
871,Saul Bellow 
872,Arsène Lupin 
873,Haruki Murakami 
874,Carlos de Oliveira 
875,Stanislaw Lem 
876,Knut Hamsun e Martin Ernstsen 
877,Boris Vian 
878,argumento Pascal Davoz 
879,Alice Vieira e Nélson Mateus
880,José Gardeazabal
881,Barry Strauss 
882,Mikhail Bulgákov 
883,Maya Angelou 
884,Carlos Querido
885,Luís Maio
886,Aldous Huxley 
887,André Malraux 
888,Mário de Carvalho  
889,Maria Àngels Anglada 
890,director artístico Tiago Rodrigues 
891,Mathias Énard 
892,versão de Pedro Tamen do texto inglês de N. K. Sandars 
893,Sándor Márai 
894,Jorge Amado
895,Rui Cardoso Martins
896,António Tabucchi 
897,Barry Hatton
898,Paulo Varela Gomes 
899,Pedro Mexia 
900,"Clara Moura Soares, Maria João Neto "
901,Nuno Camarneiro
902,Fiódor Dostoiévski 
903,Carlos Alberto Machado
904,Giuseppe Tomasi di Lampedusa 
905,Alberto S. Santos
906,Elie Wiesel 
907,Christiane F. 
908,Miguel Manso
909,Afonso Melo
910,Dostoiévski 
911,Guy Delisle 
912,Mário de Sá-Carneiro 
913,Gabriel García Márquez
914,Mary Shelley 
915,Abel Neves
916,Maksim Gorki 
917,Xavier de Maistre 
918,Teresa Veiga
919,Abel Barros Baptista
920,José Cardoso Pires. Precedido de «Carta a um amigo novo»
921,Cédric Villani 
922,Enric González 
923,Carlos de Oliveira
924,Almeida Faria 
925,Ernest Hemingway
926,Dinis Machado 
927,Pedro Eiras
928,Antonio Skármeta 
929,Jo Baker 
930,Jorge Luís Borges 
931,Marjane Satrapi 
932,Miguel de Cervantes Saavedra 
933,Karen Blixen 
934,J. D. Salinger 
935,João Rebocho Pais
936,André Oliveira
937,Teresa Martins Marques
938,António Patrício 
939,Natália Correia 
940,Valério Romão
941,David Malouf 
942,W. G. Sebald 
943,Leão Tolstoi 
944,Robert Ludlum 
945,Robert Harris 
946,Ruth Rendell 
947,Ricardo Araújo Pereira 
948,Antonio Tabucchi 
949,Robert Campbell and Lindsay Clandfield
950,Emily Brontë 
951,Hugo Pratt 
952,Fernando Assis Pacheco
953,Camilo de Castelo Branco 
954,Malorie Blackman 
955,Fernando Campos
956,Mário Dionísio
957,James Vance Marshall 
958,Joseph Sheridan Le Fanu 
959,Charlotte Bronte 
960,Juan Rulfo 
961,Charlotte Brontë
962,Baroness Emmuska Orczy 
963,Richard Llewellyn 
964,Mário Vargas Llosa 
965,Ezequiel Mphahlele 
966,Warren Fahy 
967,Paul Theroux
968,Frank Tashlin 
969,texto Matt de la Peña 
970,Dr. Seuss 
971,Frank Tashlin
972,il. Pedro Pires
973,texto e il. Catarina Sobral
974,Munro Leaf 
975,"Sandro William Junqueira, Rachel Caiano"
976,Manuela Ribeiro 
977,"Justin Richardson, Peter Parnell "
978,Manuel Marsol 
979,Antonio Sandoval 
980,Clara Cunha + Rachel Caiano
981,David Mckee 
982,João Pedro Mésseder 
983,Graça Breia 
984,"Jorge Rico Ródenas, Anna Laura Cantone "
985,texto e il. de Maurice Sendak 
986,texto e il. Noemi Vola 
987,"Lou Carter, Deborah Allwright "
988,António José Forte 
989,texto e il. Benjamin Chaud 
990,Chloé Perarnau 
991,"Valerie Thomas, Korky Paul "
992,Carolina Celas
993,texto e il. António Jorge Gonçalves
994,texto Rita Canas Mendes 
995,texto e il. Marjolaine Leray 
996,Elys Dolan 
997,Nadia Fink 
998,Tomi Ungerer 
999,Andy Lee 
1000,Valerie Thomas 
1001,texto e il. Madalena Matoso
1002,Stéphane Servant 
1003,texto Ana Isabel Marques 
1004,texto e il. Maurice Sendak 
1005,escrito por Paulo Santos 
1006,Luísa Azevedo 
1007,A. A. Milne 
1008,Maria da Conceição Vicente 
1009,Davide Cali : il. Benjamin Chaud 
1010,José Viale Moutinho 
1011,Leo Lionni 
1012,Ivone Gonçalves
1013,texto e il. de Joana Estrela
1014,texto António Gouveia 
1015,Lídia Borges 
1016,Mário Cordeiro 
1017,Nicola O'Byrne 
1018,Alexandre Bar 
1019,adapt. Xosé Ballesteros 
1020,Pierre Pratt 
1021,Anke de Vries 
1022,texto e il. Joan Negrescolor 
1023,Rocío Alejandro 
1024,Olalla González 
1025,Kathy Wolff 
1026,texto e il. de Ellen Raskin
1027,escolheu José Viale Moutinho 
1028,texto de Kelly DiPucchio 
1029,Dieter Braun 
1030,texto Inês Cardoso 
1031,texto e il. Maria Carolina Pereira Rosa
1032,Maria Teresa Maia Gonzalez 
1033,Ingrid Chabbert 
1034,David McKee 
1035,E. E. Cummings 
1036,Edite Costa Matos 
1037,Jen Campbell 
1038,texto de Ana Ventura 
1039,Adolfo Coelho 
1040,João Cunha Silva 
1041,Andrea Beaty 
1042,texto Alastair Reid 
1043,David Litchfield 
1044,Fábio Monteiro 
1045,Nicola Davies 
1046,"Mark Twain, Philip Stead "
1047,texto de José Jorge Letria 
1048,Kjell Ringi
1049,escrito por Brittany Rubiano 
1050,texto e il. Yara Kono
1051,Mafalda Bernardes da Silva 
1052,um susto contado por Clara Cunha 
1053,Francesca Sanna 
1054,Luís Correia Carmelo 
1055,"John Kelly, Steph Laberis "
1056,texto de Adam Rubin 
1057,"Tracey Corderoy, Tony Neal "
1058,Valerie Thomas e Korky Paul 
1059,Rita Cardoso 
1060,Rachel Bright 
1061,escrito e il. por Judith Kerr 
1062,Carmen Chica 
1063,João Paulo Cotrim 
1064,Lara Xavier 
1065,"Alexandre Lobão, Rachel Caiano"
1066,"Luísa Ducla Soares, João Vaz de Carvalho"
1067,Ana Amaral... [et al.] 
1068,Carmen Zita Ferreira 
1069,texto Francisca Prieto 
1070,Susa Monteiro
1071,Marcus Oakley
1072,Emily Gribbitt 
1073,Pedro Salvador Mendes
1074,Elizabete Neves 
1075,texto Claudio Hochman 
1076,Manuela Guaccio 
1077,texto e il. Isol 
1078,"história, caligrafia e selos Wang Fei "
1079,Joan Negrescolor 
1080,André Rodrigues... [et al.]
1081,Eva Eland 
1082,texto Isabel Minhós Martins 
1083,Ana Lázaro 
1084,texto e il. Akiko Miyakoshi 
1085,Joseph Kuefler 
1086,texto e il. Bernardo P. Carvalho
1087,Cristina Sitja Rubio 
1088,Pedro Mañas 
1089,texto Carlos Fiolhais 
1090,Vanda Borges Gonçalves 
1091,Benji Davies 
1092,Milu Loureiro
1093,escrito e il. Maurice Sendak 
1094,Mac Barnett 
1095,Davide Cali 
1096,Pitum Keil do Amaral 
1097,texto Helder Moura Pereira 
1098,texto Veronica Salinas 
1099,Filipa Sáragga 
1100,Fran Pintadera 
1101,Marianna Coppo 
1102,"adapt. Xosé Ballesteros, a partir do texto de Robert Southey "
1103,texto e il. Romana Romanyshyn e  Andriy Lesiv 
1104,Corina Luyken 
1105,adapt. para a língua portuguesa Rita Amaral
1106,Philippe Jalbert 
1107,"Luísa Ducla Soares, Daniel Completo, José Fanha "
1108,Alexandre Parafita 
1109,Julieta Aurora Santos
1110,poemas Luísa Ducla Soares 
1111,textos de Manuel António Pina 
1112,Chris Haughton 
1113,Todd Parr 
1114,Ana Luísa Amaral 
1115,Taro Gomi 
1116,Mac Barnett & Jon Klassen 
1117,texto e il. Rita Correia
1118,Frank Viva 
1119, texto e il. Kitty Crowther 
1120,Cristina Taquelim 
1121,Siv Widerberg... [et al.] 
1122,texto adapt. Miguel Gouveia 
1123,"Susanna Mattiangeli, Chiara Carrer "
1124,Mário Satz 
1125,Bernard Friot 
1126,Isaac Bashevis Singer 
1127,M.a Isabel Sánchez Vegara 
1128,texto e il. Corinna Luyken 
1129,Marcy Campbell 
1130,Mariann Máray
1131,J. M. Barrie 
1132,Max Velthuijs 
1133,texto e il. Chico Bolila
1134,texto de Jordi Amenós 
1135,Tony Ross 
1136,texto e il. Britta Teckentrup 
1137,Alex Nogués & Guridi 
1138,Margit Auer 
1139,Jessica Love 
1140,texto e il. Eduarda Lima
1141,adapt. Amy Steedman 
1142,Sophie Blackall 
1143,Rémi Courgeon 
1144,Ricardo Henriques e Nicolau
1145,Einat Tsarfati 
1146,José Maria Vieira Mendes 
1147,texto Kobi Yamada 
1148,Jon Agee 
1149,Anna LLenas 
1150,Emily Rand 
1151,Alison Jay 
1152,Olga de Dios 
1153,"Germano Zullo, Albertine "
1154,Patrícia Martins 
1155,texto Kisten Hall 
1156,Christian Robinson
1157,texto e il. de Trace Moroney
1158,"Davide Cali, Serge Bloch "
1159,Inês Almeida e Nicholas Carvalho
1160,"Eoin McLaughlin, Polly Dunbar "
1161,Gonçalo Viana
1162,Olivier Gay 
1163,Canizales 
1164,Ryan T. Higgins 
1165,texto de Clara Cunha 
1166,João Pedro Mésseder e Rachel Caiano
1167,texto e il. Madalena Moniz
1168,Dora Batalim 
1169,Roger Hargreaves
1170,"Rita Taborda Duarte, Rachel Caiano"
1171,"Inês Pupo, Gonçalo Pratas "
1172,Linda Sarah 
1173,Aurora Ruá 
1174,texto Rui Zink 
1175,texto Sophie Gourion 
1176,Arree Chung
1177,"Steve Smallman, Joëlle Dreidemy "
1178,Giovanna Mantegazza 
1179,texto e il. Matthew Forsythe 
1180,Dav Pilkey 
1181,Nuppita Pittman 
1182,"Roxane Marie Galliez, Seng Soun Ratanavanh "
1183,Avalon Nuovo 
1184,Christian Robinson 
1185,Maria Inês Almeida 
1186,texto e il. Joana Estrela
1187,Satoshi Kitamura 
1188,texto Joana Barrelas 
1189,André Madaleno 
1190,texto e il. Heath Mckenzie 
1191,Marie-Louise Gay 
1192,escrito e il. por Nicola O'Byrne 
1193,Pam Adams
1194,Simona Ciraolo 
1195,texto e il. Jez Alborough 
1196,texto Maria João Lopes 
1197,Joseph Coelho 
1198,texto e il. Sydney Smith 
1199,Eric Carle 
1200,texto Pippa Goodhart 
1201,Janet  & Allan  Ahlberg 
1202,Marjolaine Leray 
1203,texto Maria-Elisabeth Niebius 
1204,Antonis Papatheodoulou 
1205,texto e il. Anna Walker 
1206,Anthony Browne 
1207,Blandina Franco e José Carlos Lollo  
1208,texto Manuela Castro Neves 
1209,il. Jaime Ferraz
1210,"Christian Jolibois, Christian Heinrich "
1211,Jonny Duddle 
1212,texto e il. Barbara Cantini 
1213,Christian Voltz 
1214,Elisenda Roca 
1215,texto e il. Anna LLenas 
1216,texto de José António Abad Varela 
1217,Georgiana Deutsch 
1218,"texto, il. Bolota"
1219,texto Mar Benegas 
1220,texto e il. Heath McKenzie 
1221,Emma Chichester Clark 
1222,poemas ditos Cristina Paiva
1223,texto e Il. Margarida Botelho 
1224,Marco Taylor
1225,Alex Milway 
1226,Tracey Corderoy 
1227,Jonatham Swift 
1228,texto e il. de Dorothée de Monfreid 
1229,António Avelar de Pinho 
1230,Emma Lidia Squillari 
1231,Mies Van Hout 
1232,Emma Yarlett 
1233,Halil Bárcena 
1234,Zoë Tucker 
1235,Dan Brown 
1236,"Marina Núñez, Avi Ofer "
1237,Tomie de Paola 
1238,Sarah Roberts 
1239,texto Mireia Vidal 
1240,um poema de Pere Martí i Bertran 
1241,Ricardo Alcántara 
1242,Júlio Isidro 
1243,texto de Gilda Nunes Barata 
1244,Alex Nogués & Guridi
1245,Amir-Alexandros Afendras
1246,Elina Ellis 
1247,Emily Gravett 
1248,Nicolás Buenaventura 
1249,texto e ilustração de Mo Willems 
1250,Jessica Meserve 
1251,il. de Quentin Blake 
1252,texto Cristina Taquelim 
1253,Ana Ventura
1254,"texto, il. Taro Miura "
1255,texto e il. Vanina Starkoff 
1256,Nuno Camarneiro 
1257,Ed Vere 
1258,Steve Small 
1259,Eoin McLaughlin 
1260,texto Richard Zimler 
1261,Günther Jakobs 
1262,"Céline Claire, Qing Leng "
1263,David Pintor
1264,Maria Celestina Fernandes... [et al.] 
1265,Ilse Losa 
1266,"Deborah Underwood, Cindy Derby "
1267,Joana M. Lopes 
1268,recolha e sel. dos textos Luísa Ducla Soares 
1269,Amy June Bates 
1270,"Christian Bruel, Anne Bozellec "
1271,Anna LLenas
1272,Maryann Cocca-Leffler  
1273,Kim Sena 
1274,"Davide Cali, Sébastien Mourrain "
1275,Maria João Freitas 
1276,texto e il. Nora Brech 
1277,texto e il. Icinori 
1278,escrito por Kobi Yamada 
1279,Kobi Yamada 
1280,"Catherine Grive, Frédérique Bertrand "
1281,escrito por Sam McBratney 
1282,"dir. artística e voz, Telma Pereira "
1283,Patrícia Furtado
1284,Clara Cunha 
1285,Vanessa Martins 
1286,Sílvia Alves 
1287,Rocio Bonilla 
1288,Tânia Bailão Lopes
1289,texto e il. Gemma Merino 
1290,Verónica Fabregat
1291,texto e il. Alexandre Rampazo 
1292,Meghan 
1293,"Rita Sineiro, Laia Doménech"
1294,texto e il. Guilherme Karsten
1295,Sidónio Muralha 
1296,texto e il. Oge Mora 
1297,Guojing
1298,texto e il. Rocio Bonilla 
1299,Isabel Mateus 
1300,Eduarda Lima
1301,texto e il. Ella Bailey 
1302,Jackie Azuá Kramer 
1303,Henrique Coser Moreira
1304,texto e il. Francesca Pirrone 
1305,Tom Percival 
1306,David Pintor 
1307,Cristina Falcón Maldonado 
1308,texto e il. Elina Ellis 
1309,Komako Sakai 
1310,Núria Parera 
1311,Luís Leal Miranda 
1312,texto Isabel Peixeiro 
1313,Katerina Gorelik 
1314,texto Trish Cooke 
1315,texto e il. Reza Dalvand 
1316,J. K. Rowling 
1317,Matilde de Oliveira 
1318,Julia Donaldson 
1319,Margarita Del Mazo 
1320,Stéphanie Blake 
1321,Luciano Lozano 
1322,"Amélie Antoine, Isabelle Maroger "
1323,"Loredana Baldinucci, Fabio Sardo"
1324,"Felicity Brooks, Frankie Allen "
1325, João Borges de Oliveira 
1326,Xan López Domínguez 
1327,Adolfo Ricardo 
1328,Sérgio Pelágio e Isabel Gaivão
1329,Maria Morais 
1330,recolha e selec. Luísa Ducla Soares 
1331,Manuela Mota Ribeiro 
1332,Drew Daywalt 
1333,Davide Cali e Serge Bloch 
1334,história contada por António Torrado 
1335,texto Joana Cabral 
1336,Michael Grejniec 
1337,sel. Luísa Ducla Soares 
1338,Bruno Magina 
1339,"Cristina Quental, Mariana Magalhães "
1340,Luísa Dacosta 
1341,"Steve Smallman, Caroline Pedler "
1342,Alves Redol 
1343,adapt. de Xosé Ballesteros 
1344,"Isabel Minhós Martins, Madalena Matoso"
1345,Elizabeth Shaw 
1346,texto de José Fanha 
1347,texto João Ferreira Oliveira 
1348,Manuela Castro Neves 
1349,Sara Rodi e Vânia Beliz 
1350,adapt. Eva Mejuto 
1351,Pedro Seromenho
1352,José Eduardo Agualusa 
1353,Papiniano Carlos 
1354,Pinto & Chinto 
1355,"Francisco Duarte Mangas, Madalena Moniz"
1356,história de António Torrado 
1357,texto e il. Miguel Cerro 
1358,"Isabel Minhós Martins, Yara Kono"
1359,"Luísa Ducla Soares, Manuela Bacelar"
1360,texto e il. Janosch 
1361,texto de Anna Casalis 
1362,texto Javier Sobrino 
1363,Maria Inês de Almeida 
1364,texto e il. Fernando Pérez Hernando 
1365,"Luísa Costa Gomes, "
1366,texto e il. Tomi Ungerer 
1367,adapt. de Manuela Rodríguez 
1368,texto José Fanha 
1369,texto e il. Ana Pez 
1370,trad. por Alice Vieira 
1371,escrito por Janey Louise Jones 
1372,"Ana Saldanha, Yara Kono"
1373,André Letria e José Jorge Letria
1374,B. J. Novak 
1375,textos José Jorge Letria 
1376,Soledade Martinho Costa
1377,de Oliver Jeffers 
1378,"Luísa Ducla Soares, Daniel Completo, Ana Cristina Completo"
1379,Sandol Stoddard 
1380,Lemony Snicket 
1381,texto António Torrado 
1382,Oli 
1383,Maria Antonieta Nabais 
1384,texto e il. David Wiesner 
1385,Maria Rosa Colaço 
1386,Susan Verde 
1387,Susana Campos 
1388,Alice Cardoso 
1389,Miguel Neto 
1390,Peter Bronw 
1391,Helena KraljiÄ  
1392,texto Carla Maia de Almeida 
1393,Nora Cavaco
1394,"Rui Reininho, Armando Teixeira, Marta Madureira"
1395,Jutta Bauer 
1396,Maria Lúcia Carvalhas 
1397,Adélia Carvalho 
1398,Susanna Isern 
1399,João Ferreira Oliveira 
1400,Tina Meroto 
1401,texto José Ignacio Bonavista 
1402,Anne Hofmann 
1403,Philip C. Stead 
1404,Albano Martins 
1405,recontado Richard Walker 
1406,história Beatrice Masini 
1407,história Margarida Fonseca Santos 
1408,Adela Turín 
1409,Antonio A. Gómez Yebra 
1410,texto João Miguel Tavares 
1411,Carlos Nogueira 
1412,Mariana Ruiz Johnson 
1413,escrito Sandol Stoddard 
1414,texto Chema Heras 
1415,"João Pedro Mésseder, Gabriela Sotto Mayor"
1416,texto e il. Anthony Browne 
1417,Adeline Yzac 
1418,texto de Carlos Nogueira 
1419,Palmira Martins 
1420,Ana Paula Rodrigues Silva Figueiredo & Pedro Emanuel Santo Ribeiro Figueiredo 
1421,Leo Timmers 
1422,texto Ana Saldanha 
1423,texto e il. Margarida Botelho
1424,Teresa Coutinho 
1425,Tatiana Salem Levy 
1426,[ed. lit.] Disney Enterprises
1427,Mário Castrim 
1428,escreveu João Manuel Ribeiro 
1429,"[ed. lit.] Disney Enterprises, Pixar"
1430,[ed. lit.] Disney
1431,texto Adélia Carvalho 
1432,reescrita e adapt. Margarida Braga 
1433,Tony Ross
1434,Gill Munton 
1435,texto Margarida Castel-Branco 
1436,Eric Many
1437,Carla Maia de Almeida e André Letria
1438,Isabel Ramalhete 
1439,Luisa Ducla Soares 
1440,Pep Bruno 
1441,Margarida Castel-Branco 
1442,Lane Smith
1443,Beatrice Alemagna 
1444,"Ramón Aragüés Peleato, "
1445,Daniela Kulot 
1446,Laura Ferreira Rodrigues 
1447,traditional folktale adapted by Olalla González 
1448,Ana Saldanha 
1449,texto adapt. Sarah Margaret Johanson 
1450,"textos, letras e músicas Margarida Fonseca Santos "
1451,texto Patrícia Reis  
1452,Pascal Biet 
1453,M. Conceição Galveia Ferreira 
1454,texto de Laurence Herbert 
1455,Béatrice Rodriguez
1456,written by Paul Shipton 
1457,texto Oli 
1458,Mick Manning e Brita Granström 
1459,Ana Fernández-Abascal 
1460,Sónia Fernandes 
1461,Maria Alberta Menéres il. Rui Truta
1462,"Isabel Minhós Martins, Bernardo Carvalho"
1463,"Mariana Bradford, Mariana Magalhães, Joana Medeiros "
1464,escreveu Pedro Reisinho 
1465,história Manuela Micaelo 
1466,Kazumi Yumoto 
1467,text by Carlos Nogueira 
1468,Gerard van Gemert 
1469,texto Cidália Fernandes 
1470,Liane Schneider 
1471,escritas Jacqueline Bovy... [et. al.] 
1472,il. Eunice Rosado 
1473,Ana Tortosa 
1474,Judith Viorst 
1475,Maria João Lopo de Carvalho 
1476,Matilde Rosa Araújo 
1477,Kate Banks 
1478,Vanda Gonçalves 
1479,texto e il. Beatrice Alemagna 
1480,Fernando Bento Gomes 
1481,texto Maria Isabel Mendonça Soares 
1482,Maria João Carvalho 
1483,Eileen Browne 
1484,il. Virginia Allyn 
1485,texto e il. Inês Oliveira
1486,Paloma Valdivia 
1487,texto de Norbert Landa 
1488,"Daphne W. Rocha, Danuta Wojciechowska"
1489,história de Ana Ferreira
1490,Raymond Briggs
1491,Carlos Alberto Silva 
1492,Manuela Micaelo 
1493,texto de Pablo Albo 
1494,Arsénio Mota 
1495,"textos [de] Tristana Esteves Cardoso, il. [de] Mónica Catalá"
1496,texto e il. Pedro Salvador Mendes
1497,"Orlando Strecht-Ribeiro, António Almeida "
1498,M. Carolina Pereira Rosa
1499,trad. e adapt. Sara Costa 
1500,"Sheridan Cain, Jack Tickle "
1501,Calouan... [et al.] 
1502,texto de José Campanari 
1503,texto Roberto Aliaga 
1504,"Luísa Ducla Soares, M. Carolina Pereira Rosa, Cidália Fernandes "
1505,"Claire Freedman, Gail Yerrill "
1506,escreveu António Mota 
1507,adapt. a partir do argumento escrito por  Pedro Matias Maria
1508,Leo Timmers
1509,texto e il. Janosch
1510,baseado no guião televisivo de Susan Kim 
1511,texto Steve Smallman 
1512,M. Carolina Pereira Rosa 
1513,uma história de Teresa Guimarães 
1514,Susan Ring 
1515,texto Fina Casalderrey 
1516,texto e il. Jan Ivens
1517,texto Angela McAllister 
1518,texto Silvina Marques 
1519,Helena Simas
1520,recolha e adapt. de Tiago Salgueiro 
1521,Renata Gil 
1522,Manjusha Pawagi 
1523,Oliver Jeffers
1524,João Pedro Mésseder e Daniel Silvestre da Silva
1525,il. Tamsin Hinrichsen 
1526,Mar Pavón 
1527,texto Marni McGee 
1528,texto Pablo Albo 
1529,história Graça Breia 
1530,Disney Enterprises 
1531,textos Rita Taborda Duarte 
1532,texto de Maria Teresa Maia Gonzalez 
1533,Rita Sobral 
1534,escreveu César Madureira 
1535,história de Graça Breia 
1536,Vergílio Alberto Vieira
1537,"Disney, Pixar "
1538,Marni Mcgee 
1539,texto Ana Vicente 
1540,Graça Breia e Manuela Micaelo 
1541,texto e il. Manuel Brum
1542,Margarida Almeida 
1543,Pedro Bessa 
1544,Ana Teresa Seixas da Fonseca 
1545,Laura Owen e Korky Paul
1546,"texto de B.A.T.A., a partir da versão de Olalla González "
1547,"Elza Mesquita, Ana Pereira"
1548,texto Álvaro Magalhães 
1549,Mireille Saver... [et al.] 
1550,Astrid Mola 
1551,texto de Sidónio Muralha 
1552,recontados por António Mota 
1553,John Burningham 
1554,[texto de] Valerie Thomas 
1555,escrito por Martin Waddell 
1556,Filipe Gomes da sIlva 
1557,"António Torrado, Maria Alberta Menéres "
1558,John A. Rowe 
1559,texto adapt. Marion Johnson 
1560,texto Sara Rodrigues 
1561,il. Sally Anne Lambert 
1562,il. David Pace 
1563,Marta Cancela
1564,Daniel Marques Ferreira 
1565,Carlos Letra 
1566,"Anu Stohner, Henrike Wilson"
1567,Isabel Ribeiro 
1568,M. Christina Butler 
1569,Octaviano Correia 
1570,Mercer Mayer 
1571,il. Richard Hook 
1572,"Richard Zimler, Bernardo Carvalho"
1573,texto e il.  Raffaello Bergonse
1574,texto e il. Marie-Louise Gay 
1575,texto Luísa Villar Liébana 
1576,Martin Waddell 
1577,il. e texto Manuela Bacelar
1578,história de Schuyler Hooke 
1579,Maria Aurora Carvalho Homem 
1580,texto de Margaret Mahy 
1581,texto e il. de Carla Antunes
1582,Valérie Claisse... [et al.] 
1583,Rafael Cruz-Contarini 
1584,sel. José Viale Moutinho 
1585,Ana Vicente 
1586,uma história de Conceição de Sousa Gomes 
1587,texto e il. de Manuela Crespo
1588,escrito e il. por Michael Foreman 
1589,Rocío Martínez 
1590,rec. e autoria Tiago Salgueiro 
1591,escreveu Papiniano Carlos 
1592,Linda Jennings 
1593,texto Teresa Saavedra 
1594,Disney 
1595,selec. e org. José António Gomes 
1596,do livro de Gonçalo M. Tavares 
1597,"Nathalie Delebarre, Aurélie Blanz "
1598,"Maria Helena Henriques, Maria José Moreno, A. M. Galopim de Carvalho "
1599,Maria Conceição Galveia Ferreira 
1600,"M. Christina Butler, Jane Chapman "
1601,texto António Mota 
1602,Nicolás Guillén 
1603,Fátima Sobral 
1604,Marisa Pott 
1605,Alison Ritchie 
1606,textos populares recolhidos e il. Márcia Marques
1607,textos de Jeremy Smith 
1608,texto Franclim Neto 
1609,texto Maria Teresa dos Santos Silva 
1610,Anabela Batista 
1611,Rui Sousa
1612,Madalena Gomes 
1613,"Laura Ferreira Rodrigues, Catarina Fernandes"
1614,Maria do Rosário Pedreira 
1615,Filipa Aranda 
1616,il. Susana Ronchi 
1617,Cidália Fernandes 
1618,M Christina Butler 
1619,"Filipe Lopes, Carla Goulart Silva "
1620,Gary Larson 
1621,Marília Ascenso 
1622,Ruth Galloway 
1623,Marisa Núñez 
1624,Márcia Trabulo 
1625,Isabel Stilwell 
1626,texto Maria João Lobato de Faria 
1627,Klaus Baumgart 
1628,texto João Alberto Roque 
1629,José Barata-Moura 
1630,"Gillian Shields, Gary Blythe "
1631,escrito Tracy Harrast 
1632,texto e ilustração de Nuno Castelo
1633,texto e il. Bruno Santos
1634,escrito por Beverley Birch 
1635,Eva Mejuto 
1636,"Mathilde Stein, Mies van Hout "
1637,texto Isabel Zambujal 
1638,escrito por Judy Allen 
1639,texto Maria de Lurdes Marcelo 
1640,texto e il. Marta Torrão
1641,Gill Pittar 
1642,Manuela Monteiro 
1643,Patacrúa 
1644,texto e il. Inês de Oliveira
1645,Benoît Debecker
1646,texto Gail Herman 
1647,recontadas por António Torrado 
1648,texto Joanne Barkan 
1649,Manuela Castro 
1650,"Isabel Martins, Madalena Matoso"
1651,Paula Viotti 
1652,Isabel Rainha 
1653,Mário Contumélias 
1654,texto Gabriela Barcelos 
1655,Luísa Morandeira 
1656,texto de Angela McAllister 
1657,texto e il. de Dorindo Carvalho
1658,Emma Brownjohn 
1659,escrito por Dawn Sirett 
1660,texto e il. Elsa Lé 
1661,texto de Pat Thomson 
1662,texto e il. Celeste Maia
1663,Andrew Clements 
1664,adapt. Alexandra Guimarães 
1665,Richard Zimler 
1666,Carlos Frias de Carvalho 
1667,José António Franco
1668,Maria da Conceição Ruivo 
1669,Francisco Duarte Mangas 
1670,texto e il. Oliver Jeffers 
1671,Inês d'Almey 
1672,texto Pedro Ferrão 
1673,Pedro Freire Costa
1674,textos de António Mota 
1675,texto Rudyard Kipling 
1676,Cassie Beasley 
1677,Teresa Marques 
1678,Jacob e Wilhelm Grimm 
1679,Ziraldo 
1680,Suzana Ramos 
1681,Susana Tamaro 
1682,"João Pedro Mésseder, Rachel Caiano"
1683,"Margarida Fonseca Santos, Danuta Wojciechowska"
1684,adapt. Luc Lefort 
1685,Raquel Patriarca 
1686,Celeste de Almeida Gonçalves 
1687,Fátima Éffe & Zé-Luís 
1688,Anushka Ravishankar 
1689,Anne Frank 
1690,Equipo Plantel 
1691,"Isabel Minhós Martins, Maria Manuel Pedrosa "
1692,Bana Alabed 
1693,Gertrude Stein 
1694,Thomas Meehan 
1695,contada e pintada por Jan Balet 
1696,José Saramago... [et al.] 
1697,Alvaro Magalhães 
1698,Frances Burnett 
1699,texto de Andreia Penso Pereira 
1700,Isabel Zambujal 
1701,Ted Hughes 
1702,Ramiro S. Osório
1703,José Vaz 
1704,"Inês Barata Raposo, Susa Monteiro"
1705,Siobhán Parkinson 
1706,Eve Garnett 
1707,Laura Owen 
1708,Felix Salten 
1709,Enid Blyton 
1710,texto Suzana Ramos 
1711,"José Jorge Letria, Danuta Wojciechowska"
1712,"Manuela Castro Neves, Madalena Matoso"
1713,JiHyeon Lee
1714,texto Mac Barnett 
1715,Moncho Rodriguez 
1716,texto Luís Almeida Martins 
1717,José Carlos Rocha
1718,Rui Cerqueira Coelho 
1719,Richard Zimler
1720,Nuno Artur Silva 
1721,texto Arkádi Avértchenko 
1722,José Fanha : il. João Nasi Pereira
1723,Naomi Jones e James Jones 
1724,Jean de La Fontaine 
1725,Ursula Wölfel 
1726,Irmãos Grimm 
1727,Guerra Junqueiro 
1728,Adelheid Dahimène 
1729,uma história de Guido Visconti 
1730,escreveu Mia Couto 
1731,Cláudio Thebas 
1732,"Ana Soares, Bárbara Wong"
1733,trad. Maria Alberta Menéres 
1734,Pamela Cox 
1735,texto e aguarelas Antoine de Saint-Exupéry 
1736,texto João Pedro Mésseder 
1737,Olinda Beja 
1738,"Maria Inês Almeida, Joaquim Vieira "
1739,Jeanne-Marie Leprince de Beaumont 
1740,"Ana Maria Magalhães, Isabel Alçada, Carla Nazareth"
1741,"Sophia de Mello Breyner Andresen, Pedro Sousa Tavares "
1742,texto Manuela Júdice 
1743,texto e il. Pedro Seromenho
1744,Ulysses Moore 
1745,il. Rui Castro
1746,Tea Stilton 
1747,Catarina da Fonseca 
1748,Sara Rodi
1749,texto de Leonor Mexia 
1750,[adapt.] Luísa Ducla Soares 
1751,Mnuela Castro Neves 
1752,Maria Clementina 
1753,[texto] José Luís Peixoto 
1754,"[texto] Ana Maria Magalhães, Isabel Alçada "
1755,Alexandre  Honrado 
1756,Vanessa Mendes Martins 
1757,Catarina Águas 
1758,Capitão Nemo 
1759,sel. e adapt. e reconto de João Pedro Mésseder e Isabel Ramalhete 
1760,"Lourenço Macedo Santos, Maria da Paz Braga, Pedro Queirós "
1761,de Peter Newell
1762,[texto] Isabel Zambujal 
1763,texto Margarida Fonseca Santos 
1764,texto Davide Cali 
1765,"sel., adapt. e recontado por João Pedro Mésseder e Isabel Ramalhete "
1766,il. Maria Sassetti
1767,Irene Adler 
1768,Manuela Castro Neves : il. Madalena Matoso
1769,Roberto Parmeggiani 
1770,João Manuel Ribeiro
1771,"texto Carmen Chica, Manuel Marsol "
1772,João Fazenda
1773,Natacha Summer Ferreira 
1774,Sandro William Junqueira 
1775,Margarida Fonseca Santos e Elsa Serra
1776,"Margarida Fonseca Santos, Maria Teresa Maia Gonzalez"
1777,Paulo Serra 
1778,texto Jean-Yves Ferri 
1779,Filipa Sáragga
1780,Marta Duque Vaz 
1781,"José Mattoso, Ana Maria Magalhães, Isabel Alçada"
1782,Armanda Menezes 
1783,Alves Redol
1784,Jonathan Swift
1785,Henriqueta Cristina 
1786,"Jory John, Mac Barnett "
1787,Sir Steve Stevenson 
1788,textos de Ricardo Henriques 
1789,Hergé 
1790,"texto Afonso Cruz, Marta Bernardes "
1791,Raquel Ramos 
1792,Else Holmelund Minarik 
1793,Sérgio Mendes 
1794,recontadas António Mota 
1795,"Ana Maria Magalhães, Isabel Alçada  "
1796,Anabela Passos 
1797,trad. Maria Alberta Menéres il. Rui Truta
1798,Nuno Matos Valente 
1799,Shaun Tan 
1800,texto e il. Federico Delicado 
1801,Uysses Moore 
1802,Pedro Jardim 
1803,Nuno Magalhães Guedes 
1804,"Margarida Fonseca Santos, Maria João Lopo de Carvalho"
1805,"Maria Teresa Maia Gonzalez, Maria do Rosário Pedreira "
1806,Nilza de Assis 
1807,Luísa Lobão Moniz 
1808,Julian Tuwim 
1809,"João Pedro Mésseder, Ana Biscaia"
1810,Joachim Masannek 
1811,Miguel Borges Silva 
1812,Margarita del Mazo 
1813,P. L. Travers 
1814,Vergílio Alberto Vieira 
1815,"texto Maria Alberta Menéres, António Torrado "
1816,Catarina C. Guimarães e Nuno P. Nunes 
1817,Michael Bond 
1818,il. Anastassija Archipowa 
1819,Johanna Spyri 
1820,Conceição Dinis Tomé
1821,José Ruy
1822,Clarice Lispector 
1823,texto de Álvaro Magalhães 
1824,Mandana Sadat 
1825,Beatriz Osés 
1826,Cristina Norton 
1827,"Joana Miranda, Sofia Neves "
1828,Madeleine L'Engle 
1829,história e il. por Roberto Innocenti 
1830,texto André Gago 
1831,James Joyce 
1832,texto René Goscinny 
1833,introd. e notas Urbano Tavares Rodrigues 
1834,texto de Anna Castagnoli 
1835,Adam Blade 
1836,de James Barklee 
1837,Jaime Cortesão 
1838,"Rita Taborda Duarte, Maria João Lima"
1839,encontrada por Shaun Tan 
1840,Barbara Lehman 
1841,by James Barklee
1842,texto de Inés Almagro 
1843,Lynda Edwards 
1844,Silvia Santirosi 
1845,texto Maria do Rosário Pedreira 
1846,[texto e il.] Pedro Seromenho
1847,Sara Monteiro
1848,João Gomes de Abreu 
1849,Izabella Hearn 
1850,Ramón Caride 
1851,Alexandre Honrado
1852,Rosa Mesquita 
1853,Maria Parr 
1854,Anna Kemp 
1855,Pedro Sena-Lino 
1856, José Eduardo Agualusa 
1857,baseado no conto de Jacob & Wilhelm Grimm 
1858,Agnès de Lestrade 
1859,Gisela Silva 
1860,texto Gonçalo M. Tavares 
1861,texto de Roberto Malo e Francisco Javier Mateos 
1862,textos Yvette K. Centeno 
1863,história de António Mota 
1864,recontadas por Fiona Waters 
1865,Mário João Alves 
1866,Franclim Neto 
1867,Sérgio Guimarães de Sousa 
1868,texto de Arturo Abad 
1869,Ruth Almog 
1870,texto e ilustração de Pedro Teixeira Neves
1871,"Mariana Bradford, Mariana Magalhães e Joana Medeiros "
1872,Daniel Marques Ferreira
1873,"Margarida Fonseca Santos, Inês do Carmo"
1874,Joel Franz Rosell 
1875,José Leon Machado 
1876,texto de Txabi Arnal 
1877,"Alexandre Parafita, Simone de Fátima Gonçalves "
1878,Luc Besson 
1879,Julia Boehme 
1880,Bruno Munari 
1881,Jacques Prévert 
1882,texto e il. Ana Faria
1883,adap. Carmen Palomo Garcia 
1884,Maria Isabel Moura 
1885,texto Patrícia Reis 
1886,Manuela Leite 
1887,por Clement C. Moore 
1888,Sophia de Mello Breyner Andersen
1889,Shaun Tan
1890,adapt. Fabrice Colin 
1891,texto e fot. José Eduardo Agualusa
1892,texto de Xavier Queipo 
1893,Nuno Casimiro 
1894,A. G. Roemmers 
1895,Ana Meireles 
1896,texto Luísa Ducla Soares 
1897,escreveu José Jorge Letria 
1898,Sara Monteiro 
1899,"José Jorge Letria, André Letria"
1900,Charles Cros 
1901,Marie-José Bardinat... [et al.] 
1902,"Teresa Paiva, Helena Rebelo Pinto "
1903,reconta Luísa Ducla Soares 
1904,Raul Malaquias Marques 
1905,texto e ilustrações André François 
1906,Angie Sage
1907,Geronimo Stilton 
1908,Stan Smith 
1909,Fernando Nobre 
1910,Alexandre Honrado 
1911,texto Eugénio Roda 
1912,escrito e il. por Mrs. Crevan Fox
1913,Charles Perrault 
1914,Emma Thomson 
1915,"António Reis, Ana Maria Magalhães e Isabel Alçada"
1916,texto Emily Hawkins 
1917,il. Roberto Innocenti 
1918,Inácio Pignatelli 
1919,Elsa Pestana Magalhães 
1920,texto e il. Mónica Baldaque
1921,Luísa Costa Cabral 
1922,Eugénio Roda 
1923,Inês Vinagre 
1924,Henry Gilbert
1925,de L. Frank Baum
1926,Margaret Wild 
1927,Mariana Vaz Serra 
1928,uma história de António Mota 
1929,Vanina Starkoff 
1930,António Torrado... [et al.] 
1931,contos de Eugénia Martins 
1932,texto Luís Filipe Cristóvão 
1933,texto de Rosário Alçada Araújo 
1934,texto Anna Castagnoli 
1935,texto e il. Carlos J. Campos
1936,Helena Rainha Coelho 
1937,José Carlos de Vasconcelos 
1938,poemas José Jorge Letria  
1939,José Luís Borga 
1940,Mónica Baldaque
1941,Manuela Nogueira 
1942,Renata Gostoli . Um duelo na biblioteca
1943,Gwyneth Rees 
1944,escreveu Teresa Guimarães 
1945,Stephen Rabley 
1946,Jacqueline Wilson 
1947,"Margarida Fonseca Santos, Maria Teresa Maia Gonzalez "
1948,por Sir Fox de Fox 
1949,Kate Bloom e Emma Pack
1950,by Jeff Kinney
1951,Miguel Horta
1952,texto de José Vaz 
1953,Fátima Éffe 
1954,Louis Sachar
1955,Jacob [e] Wilhelm Grimm 
1956,Luísa Fortes da Cunha
1957,Raul Malaquias Marques
1958,Armindo Reis
1959,Maria Almira Soares 
1960,Carlos Paixão 
1961,Steve Smallman 
1962,escrito por Irene Trimble 
1963,Hy Conrad 
1964,texto Inácio Pignatelli 
1965,Vera Roquete 
1966,Rita Taborda Duarte & Luís Henriques
1967,Ana Cristina Leonardo... [et al.] 
1968,Benedita Stingl 
1969,Susana Teles Margarido 
1970,Thea Feldman 
1971,Elisabete Vieira Canha de Andrade 
1972,selec. e trad. Wang Suoying e Ana Cristina Alves 
1973,textos Alice Rios 
1974,Daniel Defoe
1975,Inês de Barros Baptista 
1976,textos de Margarida Fonseca Santos 
1977,Jim Sukach 
1978,Laura Owen e Korky Paul  
1979,H. E. Marshall
1980,Jeremy Strong 
1981,"Antonio Amago, Nuria Rodríguez"
1982,Carlos Couceiro 
1983,Ana Maria Magalhães... [et al.] 
1984,uma história de Alice Cardoso 
1985,"Carla Machado, Miguel Gonçalves"
1986,texto Menena Cottin 
1987,Vera Morgado 
1988,Carmen Gil e Elena Odriozola 
1989,texto de Joan e Albert Vinyoli 
1990,texto de Raquel Saiz 
1991,"Antonio Iturbe, Alex Omist "
1992,"Irmãos Grimm, Lisbeth Zwerger"
1993,texto de Manfred Mai 
1994,José Jorge Letria + André Letria
1995,adapt. Arianna Candell 
1996,Teresa Lobato de Faria 
1997,Rui Almeida Paiva
1998,Anne Collins 
1999,Paul Kieve 
2000,Ângelo da Silva 
2001,ed. Maria Jorge Vilar de Figueiredo e Teresa Belo 
2002,adapt e il. de Elza Mesquita e Ana Pereira 
2003,texto e il. Sérgio Godinho
2004,texto de Carlos Rebelo  
2005,Anik Le Ray 
2006,adapt. em prosa do poema épico de frei José de Santa Rita Durão por João de Barros 
2007,org. Luís Menezes... [et al.]
2008,"Steve Smallman, Joelle Dreidemy "
2009,adapt. livre da obra de Jonathan Swift por João de Barros 
2010,recolha e adapt. Tiago Salgueiro 
2011,Gail Herman 
2012,org. e abertura José Viale Moutinho 
2013,Tiago Rebelo 
2014,texto e il. de Raffaello Bergonse
2015,texto Zacarias Nascimento 
2016,Maria José Mestre 
2017,Marta Elias 
2018,Natalie Babbitt 
2019,Andrew Clements
2020,adapt. João de Barros 
2021,João Paulo Seara Cardoso 
2022,Maria Gripe 
2023,"António Almeida, Orlando Strecht-Ribeiro "
2024,Rui Grácio 
2025,Fernando Branco Marado e Crianças 
2026,texto de António Manuel Couto Viana 
2027,texto de Robin Tzannes 
2028,texto de Hugo Santos 
2029,Tina Nolan 
2030,escreveu Amadeu Baptista 
2031,Patrícia Reis 
2032,Odile Weulersse 
2033,de Oscar Wilde 
2034,Paula Alexandra Carreira 
2035,Care Santos 
2036,Michael Cox 
2037,"Lorenzo Silva, Jordi Sàbat "
2038,de Rosa Lobato Faria 
2039,texto Bernardo Pinto de Almeida 
2040,Maria José Meireles 
2041,Jerome K. Jerome 
2042,"Helena Oliveira, Inês Moura Paes"
2043,textos de José Viale Moutinho 
2044,texto Alexandre Honrado 
2045,Hans C. Andersen 
2046,Marília Miranda Lopes 
2047,"selec. adapt. e trad. Wang Suoying, Ana Cristina Alves "
2048,"sel., introd. e notas José António Gomes "
2049,Bill Watterson 
2050,Teresa Guedes 
2051,Juan Ramón Jiménez 
2052,Ana Maria Machado 
2053,Clem Martini 
2054,Daniel Pennac 
2055,Texto de Álvaro de Magalhães 
2056,"Esopo, La Fontaine, e outros "
2057,Maria Teresa Sena de Vasconcelos 
2058,Violeta Figueiredo 
2059,versos miudinhos de António Torrado 
2060,"Fátima Éffe, Zé-Luís "
2061,trad. Peter Taylor
2062,texto de Hélène Suzzoni 
2063,textos sel. e contados por Thérèse de Cherisey e Vanessa Henriette 
2064,Laura Garnham 
2065,Knife e Packer 
2066,Pedro Freire Costa 
2067,"Eugénio Roda, Gémeo Luís"
2068,António Antunes Carvalho 
2069,Rigoberta Menchú com Dante Liano 
2070,Begoña Oro 
2071,Manuel Vázquez Montalbán 
2072,Avelina Vieira 
2073,"Jorge Listopad, Manuela Bacelar"
2074,texto e des. de Albert Uderzo
2075,Russel Stannard 
2076,texto e il. Katharina Grossmann-Hensel 
2077,"Manuel Jorge Marmelo, Maria Miguel Marmelo "
2078,texto de Luísa Ducla Soares 
2079,textos Alejandra Ramírez Zarzuela 
2080, M. Conceição Galveia Ferreira 
2081,Carlos Correia 
2082,Christel Desmoinaux 
2083,Jon Blake 
2084,Henrique Madeira
2085,argumento Pierre Veys 
2086,João César das Neves... [et al.] 
2087,texto de Margarida Castel-Branco 
2088,compilados por M. Margarida Pereira-Müller 
2089,colectânea org. por Elisa Maria Lopes da Costa
2090,Fernando Vale 
2091,"João Paulo Cotrim, Tiago Manuel"
2092,Megan McDonald 
2093,Didier Lévy 
2094,"Aldous Huxley, Beatrice Alemagna "
2095,Albert Jané 
2096,texto Rosário Alçada Araújo 
2097,Sergio Bambarén 
2098,texto Josephine Poole 
2099,Phyllis Reynolds Naylor
2100,Elizabeth Goudge
2101,texto Hélia Correia 
2102,Teresa Rita Lopes 
2103,"Concha López Nárvaez, Carmelo Salmerón "
2104,um conto de Nuno Júdice 
2105,Cathy East Dubowski
2106,Maria Filomena Mónica 
2107,Susanna Tamaro 
2108,P.B. Kerr 
2109,il. Aida Xavier
2110,Silvana Gandolfi
2111,texto e il. Montse Gisbert 
2112,Joanathan Swift 
2113,"João Paulo Cotrim, Miguel Rocha"
2114,"João Paulo Cotrim, Maria João Worm"
2115,texto Fabrice Lelarge 
2116,Victor Santos 
2117,Guido Visconti 
2118,"António Avelar de Pinho, Pedro de Freitas Branco "
2119,"Debra Doyle, James D. Macdonald"
2120,Horácio Quiroga
2121,Maria da Conceição Galveia Ferreira 
2122,um conto de Inês Pedrosa 
2123,uma antologia de Manuela Espirito Santo 
2124,texto de Manuel António Pina 
2125,Elke Heidenreich
2126,adapt. Arnica Esterl 
2127,Bernardo Pinto de Almeida 
2128,A. do Carmo Reis 
2129,um conto de Bernardo Pinto de Almeida 
2130,texto Nicola Cinqueti 
2131,Detlev Patz 
2132,Beatrice Masini 
2133,il. Pier Giorgio Citterio 
2134,William Kotzwinkle 
2135,Abner Shimony 
2136,Ana de Castro Osório 
2137,Irmãos Grimm
2138,um conto de Ana Maria Magalhães e Isabel Alçada 
2139,histórias e versos de José Fanha 
2140,um conto de Vasco Graça Moura 
2141,Natália Bebiano 
2142,Philippe Delerm 
2143,Sylvia Plath 
2144,orient. téc. Armando M. O. Vieira
2145,texto de Helder Moura Pereira 
2146,Jack Challoner 
2147,George Lucas
2148,Anna Sewell 
2149,Grégoire Solotareff 
2150,il. Shirley Chan
2151,il. Alexander Koshkin
2152,il. Michael Fiodorov 
2153,Alfred Hitchcock 
2154,Maria Rosa Colaço
2155,James Bentley 
